company_id,company_size,brand_level,funding_stage,intl_flag,training_budget,promotion_rate,work_life_balance,hr_response_speed,benefits_score,funding_stage_num,talent_care_index,enterprise_tier
1,464,1,D,1,20.22437497621197,36.77169067501309,44.13734178144898,60.02036260844471,74.28860982004355,5,0.3782853838418354,T2
2,3874,4,public,0,39.329860847282006,57.27874078499848,58.22237134932018,62.94577677713154,64.92758912689708,6,0.49182805270715724,T1
3,3279,5,public,0,32.84071980029408,44.49375357748873,58.180443145898565,63.60907476213418,34.612273748239915,6,0.38063389753404336,T2
4,2205,5,C,0,26.253243330725887,45.488329639920536,56.43082290347988,64.26687114199095,77.54046803316851,4,0.45621778210961383,T3
5,2176,2,C,1,42.06961538552846,65.91324080995675,47.61179328623782,76.55116662885975,94.97958237356144,4,0.5876325476180458,T3
6,4295,3,public,0,79.87433519072447,30.909116596170797,34.23100794830286,46.79551625752194,74.03117748233993,6,0.49504761709739553,T1
7,448,3,B,0,59.33345748443468,73.85167514932765,59.48287113646406,64.4598063863079,81.25874104284998,3,0.6264603121940893,T1
8,3492,2,public,0,79.35845643481761,29.841649063868733,45.7063094472334,80.05901578065537,58.451313487244,6,0.547220782899012,T1
9,1023,2,C,1,66.16473865351313,43.071374649605254,59.375895691962,37.71543904287927,28.754416364445326,4,0.4152729668935816,T2
10,489,2,seed,1,71.73838238572739,89.61303149319839,45.29530333281835,64.51505353092075,25.649952330152075,1,0.5398026465077417,T3
11,2641,5,seed,0,46.486545070431376,75.2923857095636,40.40546646649054,53.80470097237739,61.336394745751896,1,0.4840112068584545,T2
12,4878,4,public,0,67.85926431289006,56.756871864917926,61.74877376603036,56.81005461737653,46.93636026859034,6,0.530953714081781,T1
13,3684,5,seed,0,70.93071351111519,38.07045612097811,60.41474442890394,49.33269495499809,41.45220326843503,1,0.4727893213428813,T2
14,3810,5,A,1,51.350290616494604,45.473098479401926,67.26851154113493,59.62628998019378,55.93330637253252,2,0.497127082058167,T2
15,3593,5,B,1,68.3931055592425,56.318955662542535,92.97382026268201,87.77757860197666,67.4649498936419,3,0.7068584054653397,T1
16,3934,1,A,0,68.49281637862249,55.67541818211277,62.43663249937355,44.29797494351901,32.303121705043495,2,0.47498430290005117,T3
17,2575,5,B,0,51.75671068304876,53.36432326673267,65.76130827302607,45.625459965296415,49.36908045523346,3,0.46869041084340357,T2
18,658,1,public,1,43.15847351593507,54.44501474648468,40.75901873812279,43.77291601771094,82.66780161304536,6,0.46100040247320706,T1
19,4201,3,seed,1,42.238075021525916,51.141248025307945,37.409480951418004,86.18385601279341,38.720097536236636,1,0.42966926920369564,T3
20,2262,3,public,0,61.29758312882193,29.044382758479767,83.32527114837333,55.52724412270198,71.78594018180425,6,0.5562692679081851,T1
21,2511,2,public,0,64.90514803183973,45.70280664110501,43.22432352106714,61.64105315513256,48.7595770536671,6,0.4729069672897025,T1
22,1866,1,B,1,48.11211254313128,71.46323297176323,41.29689485650172,56.36103882451265,66.2784939174492,3,0.4991557873810687,T3
23,929,1,A,1,60.39878011989148,30.369982644079887,57.374417260535154,48.77807970235672,75.65456762244874,2,0.4946006016183012,T3
24,4635,5,C,1,68.55805554207728,51.58800079229299,56.556921385961786,58.70789094739791,69.60179003874536,4,0.5655063158033609,T2
25,3912,2,seed,0,69.27286071997952,40.24442928212481,43.559895896907335,96.41541048031183,72.4557132376359,1,0.596785878574476,T2
26,3226,2,B,0,83.27820180183733,57.004307729166,53.1204285005904,81.48899289363956,37.42290993206475,3,0.5854787487843865,T3
27,2024,5,public,1,79.15471248297065,48.004602740797274,77.67001148240166,50.05887055090819,75.93221501460208,6,0.6332507963249786,T1
28,4117,1,public,1,44.98062850865184,81.59308596954403,45.10410225869124,71.0660374428636,42.50421705120806,6,0.4944311936902658,T1
29,2736,5,public,1,85.25379314307034,64.11849677542457,35.701240250141254,50.35868118267073,61.41221001471615,6,0.5596153551690367,T1
30,2228,5,B,0,52.03535243166428,31.387543016010195,73.08149793439668,37.13085305615291,61.390185178952855,3,0.45168757433188267,T3
31,2263,3,D,1,75.67309218681642,67.08210420904658,65.87675059100859,76.27315284730481,65.24708350078288,5,0.6629117510918227,T1
32,1151,1,D,0,61.01979939076633,41.05626658728286,48.071702069621416,78.2412998530097,62.72826349302324,5,0.5264773883245832,T1
33,478,1,B,0,53.81775932314549,44.6140653152044,32.68532774196932,76.6447315146706,42.6552303650797,3,0.4305725563103203,T3
34,2781,2,D,1,32.88454710337601,60.64874236192819,46.08602629698299,55.42188651092598,34.05225399097283,5,0.369212577182594,T2
35,4441,3,seed,1,57.426532346754776,46.14854644485757,57.124729010411656,59.665139723972196,71.82992755935007,1,0.52970760364063,T3
36,337,1,A,1,36.60925147041587,71.0714046938132,76.65075343814111,72.49671775121372,60.15918781782156,2,0.5600168228776163,T3
37,4294,3,C,1,74.50948853764159,41.05881889275888,41.41468840208549,67.4809445228735,76.5394062962829,4,0.5614847231203755,T3
38,4141,1,A,0,82.75188985708871,43.85896205335546,56.647681895816426,56.489075401841376,56.23954011880625,2,0.5581629460122486,T3
39,1398,3,A,1,48.046335160549646,43.18532391613404,68.80231455831837,39.3329945183457,33.11220586849167,2,0.3953936107518101,T3
40,3165,1,public,0,64.52956113778907,44.8185025296093,19.89972255804927,63.59425271798817,73.4242045770698,6,0.4775771098764024,T1
41,842,4,public,0,49.11912716988037,74.78544799986064,74.54057868702239,77.10613494930558,50.70369963576118,6,0.5878854484546874,T1
42,3795,1,C,1,50.57272904794816,66.31833328498546,39.080790844697006,45.2337639535218,62.81405877615736,4,0.4616949909220813,T3
43,3508,1,public,1,71.61742055798057,85.77899117221727,63.31192789531095,70.94263134346367,45.993189715848175,6,0.6293183541971721,T1
44,1785,1,public,1,59.42192607234881,95.81759567018659,61.94693039377191,66.64158373187169,84.95312907397275,6,0.6886511529283703,T1
45,358,5,A,0,86.09472062896518,36.447093425217886,75.35338226342152,72.50207568525266,42.09839798888565,2,0.5942723172708239,T2
46,4854,1,B,1,52.76651281945618,56.2675442918912,66.81479009429664,74.2076569960661,51.26369418019503,3,0.5401869335713279,T3
47,2239,3,B,0,74.99004498711734,33.82839430041821,19.963352132320303,52.277486613045056,58.826627945854376,3,0.4319490845120272,T3
48,4467,3,seed,1,61.46120119436673,41.00309330053119,45.44353204550414,39.36256839769075,38.43290043952171,1,0.3913794931891069,T3
49,3396,3,public,1,71.9366701461635,43.65851481539795,60.21128206965248,54.53072664043969,62.61883198598912,6,0.543901181664672,T1
50,3896,4,B,1,53.2926351400508,35.97121226551106,54.88032182208341,74.4477824453781,84.40247811694734,3,0.5491987388596931,T2
51,3804,5,B,0,59.25661743672626,36.066029087828554,65.64177167610833,54.41194535063641,48.66214326820692,3,0.4717003799712937,T2
52,989,2,A,0,58.26751681051598,52.40288118663541,70.62986489071528,52.283393465993015,63.71742792353933,2,0.5418203683591405,T3
53,1832,5,A,0,47.45914327731319,33.099068469044674,67.73522778287486,36.501095213055066,10.259598437344557,2,0.3146130263581897,T3
54,2344,2,public,1,69.93122301872629,70.15828526447739,54.57160091912856,86.53706576371314,56.33820359175771,6,0.6275200103391658,T1
55,2499,5,seed,1,69.75373508367547,38.48043632648475,28.458607822072313,73.55999097995434,51.67828113925451,1,0.47028998590988147,T2
56,238,3,A,0,68.9033204235835,100.0,50.71230001832292,72.7785437378467,43.08554075902346,2,0.6191966747551358,T1
57,2741,4,A,1,83.05448480876467,46.87507988264089,64.66189037022329,75.54815541491263,75.38465798368505,2,0.6628207344324845,T1
58,788,5,C,1,81.74017201854456,56.29631755450694,40.55284395919236,70.07391706160763,51.453857412394925,4,0.5607311917309575,T2
59,3722,4,C,0,54.37582965226297,31.683858679611365,68.10039568194522,58.579396027486595,53.98288271940901,4,0.47390252366520363,T2
60,3421,5,C,0,65.59578477651267,85.70965164629752,72.53429275627687,59.70730254228918,50.58772112858579,4,0.6197606216599658,T1
61,4614,3,seed,1,50.64598966112681,75.1510122544525,60.02987162073348,56.014098895710255,24.4141301799937,1,0.4612327837701948,T3
62,3728,1,A,1,60.35032974171833,60.34448567325003,8.979522139001666,98.88637056181,37.756230518691666,2,0.4621310836211953,T3
63,1845,3,public,0,51.00375826321703,30.757554121967818,37.55058619661115,69.78276843819219,73.33858926404368,6,0.4600704528562695,T1
64,4838,1,C,1,84.30105463704076,58.792003799043165,88.17902653689731,55.50679382107992,21.130839003040478,4,0.5817733183547491,T3
65,2066,5,D,1,65.45547225514444,34.81424117168941,49.25539531154595,68.51695483832792,43.972639056533005,5,0.4688218556976211,T1
66,1642,2,D,1,56.72956307843367,81.32239474252049,26.253708429936065,47.847835150011555,50.20475904307401,5,0.45884594555407093,T1
67,4529,2,public,1,77.90427857784566,69.56550517335711,77.76395821296435,83.06309406024917,86.6415717439566,6,0.761639614796985,T1
68,1864,2,seed,1,27.440768853068825,56.71790269277925,58.21368946469877,52.74503265870004,70.06626401343827,1,0.4468542159169585,T3
69,400,4,B,0,29.788461077020653,11.145238061548199,75.6790478233236,69.01519605671452,47.52810104009731,3,0.38264878279994224,T3
70,2358,3,C,0,71.9375798282966,37.29851238413745,62.431338803509846,76.92368681640389,79.17673285096437,4,0.6169376627317076,T1
71,3982,5,B,0,60.90702672176052,67.3797003687977,65.3369461793947,67.3867596188699,44.41123105148097,3,0.5546556723029364,T2
72,963,3,public,1,63.75669450391141,76.8319064510168,63.80814796343226,63.32257988547494,74.15469666347809,6,0.6369788985851789,T1
73,2325,2,C,0,40.10405845022177,74.96505660685837,69.159812990736,62.151229187984214,33.899086819308735,4,0.4828665373560568,T3
74,667,1,public,0,59.65149433724451,26.343765959653805,94.43888717689757,61.2098246435805,75.24538314041567,6,0.5892742884413019,T1
75,3438,1,public,1,90.05264115602013,60.427941522632274,73.53610137534702,53.92622115501497,50.09572802699324,6,0.6313723271163573,T1
76,2389,2,C,0,72.36299429693794,73.27927389669273,32.71457091447144,55.70723198322414,39.515427903998415,4,0.4948942486476207,T3
77,1664,5,public,0,62.54559817714218,25.149959819519587,65.14658424446246,82.71426523111309,53.30855857770266,6,0.5244553010609393,T1
78,1150,3,C,0,53.41419134842594,54.85771872328174,76.26369228965149,60.48048714240781,61.714851055243656,4,0.5563696763591229,T1
79,2831,5,public,0,54.08140722195909,59.92916316955221,77.24321290457834,50.99885222864118,48.58927668106289,6,0.5227778090811543,T1
80,3355,1,B,0,28.062031661999736,49.58623747275877,51.174320271054405,54.771833643938876,66.4172096019205,3,0.41479380134386856,T3
81,4702,1,C,1,63.86460631381741,21.66108660277837,76.63911112301004,77.40518952976112,47.08910397771085,4,0.5223393443516312,T3
82,2197,5,C,0,72.68224662722781,49.137434018672884,72.84387839281928,71.4584928643027,67.54633069683308,4,0.6290796258771559,T1
83,820,1,seed,0,36.36571009244077,49.10850225540957,99.16027899151568,69.84460849525159,64.51777505462219,1,0.5692702600589817,T3
84,4166,1,B,1,50.07874661539776,52.33469671814042,45.999972220023814,58.39470321526292,55.96430806996511,3,0.4580165762681163,T3
85,3156,3,public,0,42.63803051649867,44.85751434234875,49.881590777593196,70.02707458242124,49.496500689778856,6,0.43795061629352056,T2
86,3507,5,C,1,45.51973207786855,47.02578124165359,53.102095224640735,52.99014425069093,59.576193528009526,4,0.44690653620128484,T3
87,504,4,A,1,60.802224402328505,54.2852869177544,50.156445599379595,58.365403561159155,66.3543136315729,2,0.5259431189775153,T2
88,1575,1,B,1,28.733967675172885,62.964182889454804,43.75966800378235,75.57726282348443,92.05058559643734,3,0.5252886052872932,T3
89,3843,5,A,0,69.21405657535595,49.52031826857999,13.79719190922011,74.2398875048669,72.97014717056908,2,0.5073736405244247,T2
90,4164,5,seed,0,71.30782604900523,47.626319289375964,51.04480842042985,48.253262156688756,73.5918291468693,1,0.5419650193267204,T2
91,2187,5,public,1,56.233461179446316,56.66237268858025,63.909728955198474,50.02262965927994,100.0,6,0.6059753683800104,T1
92,4027,5,B,0,22.789372350231872,20.42351333388673,50.10845047190543,63.52183013938774,65.77129410505336,3,0.35416303614010924,T3
93,4211,2,B,1,45.05372060996416,63.586632290076246,88.96609893646576,86.16585324537314,65.23893969229894,3,0.6352938893558986,T2
94,1949,5,C,0,78.49352901154045,54.98986425178674,58.2140130034538,35.182087697434085,68.96825626346812,4,0.5577840715516647,T2
95,4492,2,seed,0,18.33008578907141,55.714483478756115,78.65646488294617,65.89666115398705,39.84757838099969,1,0.4212460359592182,T3
96,1455,5,A,1,54.78714881709721,72.29321753670035,62.18272660367949,42.73539335797592,49.45367218088114,2,0.5022332854208018,T2
97,1212,3,D,1,42.29998832299111,19.849320459131533,71.22251695829213,53.11936609064236,48.39512246623032,5,0.3980827061372333,T2
98,3418,4,C,1,72.06855452377255,19.470990342538656,62.467864862937,56.89800214710062,68.00943761273255,4,0.5174708101639717,T2
99,3191,4,public,1,49.87329071784808,59.928469215823355,79.90055411045701,56.112883191883526,54.03903244223962,6,0.5383332600729669,T1
100,715,4,C,0,66.05931031103417,54.871896607686715,58.89502960211841,54.52685684477108,59.34979823306315,4,0.5387518190264051,T2
101,4167,4,B,1,68.48190628753639,58.06318497745478,65.93793132942056,62.100898845269185,75.48672854252389,3,0.6186436055624097,T1
102,1015,4,public,1,87.54338759595029,46.68171264689598,63.8613269384007,54.506422067171904,71.67356255797036,6,0.6243730197646225,T1
103,4028,4,public,0,56.955870844869445,66.95836613631876,53.3874326699629,41.525596612041866,54.2507429482988,6,0.48696561413307615,T1
104,56,1,D,0,65.64066554433917,71.78749917384016,64.47971710279482,72.91817457531887,45.610083353070216,5,0.5891711821671916,T1
105,3988,5,public,1,37.72416781308846,63.71168129112749,93.7501799391629,72.54021034008433,76.29967043810422,6,0.6222110465789695,T1
106,3938,3,public,0,77.85620344940617,50.305087748717504,53.67364892647293,73.80444034031737,70.15615007546772,6,0.6150581197409679,T1
107,3906,2,public,1,48.59236727892953,17.061591022940746,64.71143828565198,40.429717052302856,29.693634088978502,6,0.33023702780486835,T2
108,3330,3,seed,0,51.588687538683814,68.84625174466831,78.12446321391108,66.18485413617812,51.67638303855922,1,0.5718981348888617,T3
109,2368,5,D,0,59.66628307726184,76.99111599191667,76.24405249510849,71.46370398129693,59.81376285428496,5,0.6365303860687437,T1
110,3531,5,B,0,36.55673481990226,66.60205141571164,58.18746268350984,47.563171041845806,70.24010519105754,3,0.483823846450505,T2
111,1400,5,C,0,63.43155043393407,39.166436307384885,19.865780752682213,62.12842547454981,72.47172541397612,4,0.45792488636057777,T2
112,3908,3,D,1,74.51199409387516,67.12829908601964,66.26724509837545,60.37226696565488,61.82640201998305,5,0.6215588095878528,T1
113,2787,4,public,1,64.39400735245937,70.48953474330602,22.488411862031157,87.7901092199557,66.94920803310055,6,0.5673822144965014,T1
114,2305,2,public,1,36.166536537319125,83.05869246038354,81.5189956950597,88.94294451817602,58.09032564042861,6,0.6211089047818051,T1
115,2537,4,A,1,58.142860585055104,39.23002136389676,60.71158193909217,38.69901049337719,45.54452130093047,2,0.4260857486791109,T3
116,2852,4,D,0,71.13043354469235,50.92381747820551,73.99478431795183,96.91497808019184,52.55850535229868,5,0.6471940515032659,T1
117,205,2,public,1,31.830168510511385,68.4508969205822,43.56622178910318,49.18683990385347,57.32285017288184,6,0.41578977646802545,T2
118,716,2,B,1,43.87850979273429,56.03338128588684,33.15988042719913,75.72942612058397,56.41045274968397,3,0.4538801210222131,T3
119,1242,1,A,1,73.1481540612228,34.888103163077055,62.172070146258676,75.58697173209224,24.945260624461,2,0.49163984128764193,T3
120,590,1,seed,1,64.0514315129593,62.46309313048066,57.46234496070173,48.0603368242147,50.24278330619967,1,0.5118555637352876,T3
121,2209,3,public,1,66.17957373190131,65.415909408673,50.135346781485346,68.90574911374739,57.95549610251558,6,0.5661193547108058,T1
122,3348,3,C,1,87.89242211434967,56.58333213395804,59.35458049172422,60.494527580275104,52.21671013760308,4,0.6037378994273428,T1
123,3279,1,public,1,67.02829167759305,58.952528689238996,100.0,69.76062006485347,52.803995476303044,6,0.6554565933114669,T1
124,2366,3,B,1,69.86832015649769,50.34329376965686,71.35240875790493,65.22941223332876,65.29585330367799,3,0.602623134513043,T1
125,4278,4,public,1,100.0,81.60902084288907,74.7919776938131,78.74875279518346,38.65772782017322,6,0.7293161535550468,T1
126,2834,2,B,0,56.79293162864264,38.78754069317182,71.5029902648537,63.05559360404487,29.32328236282941,3,0.45660803632338365,T3
127,414,2,public,0,48.031758545722575,44.42822627025198,81.67139430163509,59.64976302803164,51.081113555776525,6,0.506076755318856,T1
128,3829,2,seed,1,66.41694597370699,55.19773924349546,54.95885323358808,77.34489926280052,69.98994489353042,1,0.6003559126631701,T2
129,2881,3,C,0,66.58486544083343,70.82117249861606,25.1238190771953,70.12554350802044,85.68840167127286,4,0.5873920416824987,T1
130,3180,2,public,0,52.09926912080688,28.047282938298338,54.982621871903845,72.24538752049243,70.29618006461058,6,0.4942507059730614,T1
131,2835,4,public,1,44.51404470667729,31.414658504222096,70.98777135994403,52.69578658837965,32.039516082229596,6,0.3900108689172549,T2
132,2776,2,public,1,94.64766633135116,18.320886860775076,42.48319367815882,47.36632106042136,53.04975693059489,6,0.48612287739189214,T1
133,471,3,seed,1,64.90265205582034,55.58851405455887,55.17814479217071,54.05188999446218,61.362784478386,1,0.5321443189636327,T2
134,2804,2,B,0,49.01571927896887,34.87049529028221,46.931684111962994,53.30850060047176,60.01904898770107,3,0.4209788305148694,T3
135,3978,1,seed,0,73.73895453419398,48.0780980196775,82.03246802949009,73.0067897611408,66.16817740002885,1,0.6502508656884276,T2
136,1533,4,seed,1,58.362822726579985,66.90480741805075,69.99131224650502,75.66377670411673,41.41016791016707,1,0.5659618540340813,T2
137,3022,2,D,1,56.20677830523253,43.45223102590876,68.42464993030335,59.828175946546395,58.10403248836263,5,0.515250911916024,T1
138,173,2,D,0,68.4340930787174,59.163076409380565,67.94562100993554,82.03286626354094,64.1454881061942,5,0.6389979377978059,T1
139,1750,4,public,1,40.62176597652465,49.611917660469004,57.40401195916597,81.15857151271182,71.03640620616221,6,0.5278983528393242,T1
140,2194,5,public,0,65.28940805875759,67.09805767173586,61.16090052044006,65.40758482960754,43.302791167582534,6,0.5515481199049233,T1
141,4914,4,D,1,88.69432211597629,63.55230521226416,39.037046711482915,50.49351519839744,51.13233325687074,5,0.553364864214663,T1
142,1088,5,public,1,66.99266493295966,42.54519346885702,23.01692833999092,84.05527309209756,11.035099438753214,6,0.388328195687928,T2
143,1397,5,seed,1,54.35681844324803,51.964268438791855,60.40129808552039,61.145757085602284,46.43514655117784,1,0.4857680989633199,T2
144,2054,3,A,1,52.39342079357637,73.7873811589689,63.18384410035431,63.76631275003364,48.08494681949227,2,0.5385955196922982,T2
145,4963,4,C,0,53.84490039982336,62.080783664573744,77.34823309480603,57.24552964150804,39.66706336115347,4,0.5190042561315152,T2
146,4269,2,public,0,56.19055982928329,29.854682960479632,83.14137305731788,49.54293543183923,59.81540655395508,6,0.5039142801809071,T1
147,192,3,seed,0,54.33290200862592,66.80112510108489,83.11997575998315,41.439047975585915,56.04892765523044,1,0.5480442145381831,T2
148,1185,3,C,1,73.7446716161185,35.477008796147715,42.03162250729795,70.86015652980203,18.59336408118061,4,0.42689067541562536,T2
149,4111,5,D,1,34.001863451865255,80.4252352592981,52.36375944080369,51.032385245447315,60.66363547812986,5,0.47661241649981984,T1
150,310,5,seed,1,72.93000075618201,73.43377911713844,65.68534873410208,100.0,41.21848977658654,1,0.6601422487138612,T1
151,4281,3,B,0,54.304702122861585,60.21793856653122,98.51047484387485,46.79496984342529,65.25671230623875,3,0.5996360019861551,T2
152,1421,4,public,0,65.65421678543058,57.83019118185148,81.68158725942266,44.39664535026082,35.20852878861269,6,0.5198413453345103,T1
153,4589,2,D,1,43.09518134698705,51.23741939150644,75.91035459197408,69.14194201858818,57.51011115502598,5,0.5253976815383629,T1
154,1482,5,A,1,79.92946600274155,67.2134311252005,51.79539271121135,83.41038870554213,52.1862234089294,2,0.6297646149757739,T1
155,2182,3,public,1,78.68452440257809,48.32599294968289,43.86880590151801,62.9042551972051,62.15273204415561,6,0.5527547360093812,T1
156,3316,3,B,0,74.39385788625111,59.24025767151809,70.62252613413183,70.01139388262185,59.119853720072896,3,0.627884457647838,T2
157,648,4,public,0,37.27867836309691,70.69481859735012,40.389419772250235,36.190336155578066,52.662209024635274,6,0.39353595630950905,T2
158,2794,4,A,1,72.4368160659908,44.88748221653938,54.18501838431516,52.51483836031527,30.88337066124784,2,0.4599161372310987,T2
159,2534,1,C,1,66.07282631453563,43.9085306801675,56.16355281596924,46.969379792074065,31.887464621162465,4,0.43478097526709764,T3
160,3923,2,B,0,35.920931293011485,33.50142134695974,83.48659342596493,35.469358100729664,47.073922035432275,3,0.39584504609641874,T3
161,4980,1,A,1,59.63553924343777,35.839490569728895,52.32484315264516,63.63772327633442,56.85924197319702,2,0.479501486336051,T3
162,3328,4,public,0,65.46801733549894,22.088884394052954,18.972005782838153,30.600413297453933,46.65978489761501,6,0.3083299219956729,T2
163,2057,1,A,0,68.34112910734726,68.13691820227953,66.07111436259949,43.489256474775715,67.62860281985091,2,0.5846187006773462,T3
164,2043,2,seed,1,62.65892050423284,87.56046175748988,46.81565035033718,54.47928688381215,52.25324437340138,1,0.5516909198716542,T3
165,2101,3,B,1,64.36847125271069,80.6559209824655,58.68209639100395,50.36199829668493,40.59478367874833,3,0.534932887246659,T2
166,4073,4,D,1,82.10417088379643,25.730479204722705,56.61272478652602,67.54971903089894,52.27236301920554,5,0.5327450008214129,T1
167,1619,3,public,0,78.3905086486602,68.0473840880116,53.62073606691571,66.27812268663472,60.83961721738139,6,0.6165119111812174,T1
168,851,5,public,1,16.994175693258846,80.59791429862402,70.64544930855526,74.5131824430964,62.52304022001793,6,0.5169843900140183,T1
169,1684,5,A,1,55.23842167743477,46.77742034670405,33.47416194635669,72.53337225797749,88.9324452438832,2,0.5359089420487426,T2
170,133,1,B,1,57.530234586840734,56.82605375170089,49.72777240073024,77.97137905105933,45.628541219941866,3,0.5127168809879441,T3
171,548,5,A,0,33.71852140909543,18.85792508551593,68.9446066098781,61.97314239987324,55.750862752963194,2,0.39944000710497973,T3
172,468,4,C,1,61.41274587348468,59.801251023579546,48.17464359449011,66.24853661143338,64.24410709593025,4,0.5452298753454071,T2
173,3862,4,public,1,78.7313665861576,35.85592487017509,32.25909265168045,69.16119182686867,56.60180969358614,6,0.5023287091783492,T1
174,3617,1,D,1,43.70148210614114,58.59343032240726,68.69688549210777,63.98319376347436,48.48949151819289,5,0.4958394023843299,T3
175,3489,4,C,0,65.04601408034809,26.898347400600155,75.96951408706462,56.43927966116097,30.66262800214786,4,0.45706227249786135,T2
176,2320,4,B,1,46.262647840553434,64.77144804059672,57.2800766777119,57.34580451924322,48.31581249609874,3,0.47729260943275886,T2
177,3590,3,public,0,49.921319644804846,73.44122815768041,26.62647042448748,50.55418242338048,38.74705898379739,6,0.40347939853273107,T2
178,823,1,C,0,82.16090451255053,40.902762489126985,69.29551594718106,67.90263561873762,27.647686420895766,4,0.5369826016926991,T3
179,4505,3,A,1,51.86163269832262,34.53539353461218,31.44179389728499,60.68378756280782,43.47345969160003,2,0.37232278496252025,T3
180,2515,5,B,0,66.93318733515937,16.191585234100337,62.94078842957065,52.715567491085295,39.199440746970275,3,0.4242945341476093,T3
181,4691,4,seed,1,31.931728259085194,50.204556386646814,43.80057880412544,52.728572529455704,66.92437126998011,1,0.40841733246912726,T3
182,778,1,A,0,87.9347634209232,44.53130918293111,39.44257142772855,45.05441781104096,67.218561236043,2,0.539073190203315,T3
183,2496,5,seed,1,69.03978669459748,27.081650577735015,50.92943972672496,75.70377877732079,41.634052077125126,1,0.4765452598904677,T2
184,3487,5,B,1,57.262502360246074,63.15433761361909,55.06723909716384,63.10064737344503,52.57611328042694,3,0.5225997654333301,T2
185,2488,1,C,1,68.63319764999842,46.900533126436315,47.692667993816826,49.92079972597422,25.4098747440869,4,0.42111225364860444,T3
186,2241,5,B,0,38.85270856578285,35.63675274438582,67.41925245144242,73.31966849442826,48.5962208468942,3,0.45125925881546525,T3
187,847,3,B,0,77.73796112628986,45.01769669847195,50.86288994465866,54.15371666287878,63.782692311939876,3,0.545132626825623,T2
188,1917,3,public,0,55.14022836755355,74.28348170073308,73.68305394674915,42.30899122182874,71.02394412343975,6,0.5797708359332217,T1
189,1209,3,public,0,56.93895727427348,65.852864987594,62.49877065029567,76.29711204906786,44.878199611247666,6,0.552143895596003,T1
190,1521,4,C,1,52.625165775517736,52.65953089302718,46.839084694459075,54.480642146074416,74.88153262896783,4,0.502530074581736,T2
191,3424,5,A,0,51.29022895881623,66.14389033236735,44.14496185868342,56.27541273707695,31.23323733427098,2,0.42590932684906807,T3
192,3158,4,public,0,70.42005917442613,34.1035847850387,31.64005921524098,62.57652028488849,35.79032741455553,6,0.4135034089406255,T2
193,3043,5,A,0,63.83860275156334,55.58266181308655,62.65173084586916,77.99624911906162,69.0642517158439,2,0.6096038138389044,T1
194,1821,5,B,0,69.7762221210456,57.65180194875647,52.32659924397827,62.28052207212836,85.4090608855752,3,0.6142145309503211,T1
195,4799,1,public,1,59.86807965771643,46.542942847022914,20.04487155098377,45.21236023396678,65.38834379912282,6,0.4135101622537469,T2
196,456,2,C,1,67.69799716615772,62.83825004723352,49.428562035689595,69.61427805757052,56.31417942892179,4,0.5616388716022547,T1
197,1726,4,public,0,53.71726884112442,40.952197816399874,43.58345553192077,55.21014386033586,19.68187630912245,6,0.35357816569789874,T2
198,607,3,C,1,93.44597762114323,64.17677273997012,83.21084147473056,88.43093560141253,22.61840004726085,4,0.6767470475216217,T1
199,1707,1,D,1,36.48104375354252,64.93345788756325,30.755542209707045,61.984323892029536,59.199962127229774,5,0.4237075612804607,T2
200,4810,1,A,0,78.91405985344477,2.4911221474528062,34.938387204255136,30.709503029418673,50.912934617290034,2,0.35371393074356283,T3
201,1843,3,A,0,80.51861176081457,76.42550266318212,75.7595142896912,67.00310961017944,38.200801903413996,2,0.6392165846654592,T1
202,4544,4,B,0,47.2176179105161,0.14261382365042863,79.7082105194234,89.2243690916432,58.114053874110866,3,0.48442656574590276,T2
203,2485,1,A,0,93.4391041583396,43.911117539989746,46.080272980389736,84.06288403963545,58.957233247632765,2,0.6269555084138597,T2
204,3504,1,public,0,74.93235424417978,73.45626461663959,47.88662683505743,87.63336004259192,73.05506976518464,6,0.67367154091755,T1
205,2297,1,A,0,74.56708510234367,49.28883894545607,67.859766344853,47.72335740465951,59.32223881121591,2,0.5590612167812167,T3
206,1344,3,C,1,60.42033280538815,28.608652315548245,20.766403248875037,74.7701335436749,77.88270426168454,4,0.46672608862353404,T1
207,3825,1,public,0,56.741607626719855,35.312732889099934,28.220901047911102,51.89207644368604,57.13589850232983,6,0.39444562640685044,T2
208,4846,3,public,1,56.85886759440588,73.48430343377115,53.50826558638861,65.14005159183694,55.039305088275285,6,0.5481632264331864,T1
209,1332,3,B,0,65.85795894479276,20.412918450124515,82.79824905806602,44.17866599764375,75.0933071662021,3,0.5364185491691968,T2
210,3898,3,B,0,81.01779412550844,75.32183981731632,51.028318589332166,52.97761929164197,40.36650503929562,3,0.561416686702476,T3
211,1320,4,public,1,62.71971326792129,54.00816221723879,59.614988667762475,52.53254623690938,100.0,6,0.6153811538123728,T1
212,3590,3,D,1,46.32834565294064,33.5368840520362,76.1406283610242,74.57977392199663,63.379377128834506,5,0.5237998273543562,T1
213,3949,4,public,1,72.3664059357747,44.50392869855156,91.71015573245035,73.21006770337517,63.474097298240444,6,0.654683587755544,T1
214,2257,4,public,0,73.81726119592189,36.689961860170456,48.770424429627,65.87547621063149,65.92663155753417,6,0.5400391260494777,T1
215,3689,5,public,0,69.81989292671679,70.59205361545352,57.73061242026518,43.0941001472246,88.91132008063792,6,0.6222484099838371,T1
216,1375,4,A,0,71.18248359787474,68.1837005757311,87.15288354148548,57.63704792470392,70.47262599843431,2,0.673590767493979,T1
217,414,3,C,0,55.936078047632876,24.055099590231162,33.644811596937146,51.55436923880184,29.714048356933297,4,0.31965113334335404,T2
218,500,3,seed,1,46.065162493041306,47.735341866651986,74.44129712886115,74.17546059372287,80.85899654104757,1,0.5858848382628756,T2
219,2246,2,D,0,46.977098540388305,39.46265807780301,41.706951482219864,78.49458793944058,51.20475814943471,5,0.4424879416609792,T2
220,4514,3,public,0,35.46805127313213,78.28317943226867,59.63955787365051,76.78939820443236,58.821636238268496,6,0.5391514128208479,T1
221,655,1,C,1,63.55422917318925,30.698215873724422,54.11809524159561,51.42692812816171,35.25268247302047,4,0.4126189594493567,T3
222,2289,5,B,0,58.7482682516011,83.87612388433026,42.671814388780334,23.646536287947292,65.94543430810623,3,0.49355643213782,T2
223,3526,5,seed,0,53.40018443205437,54.400694688695125,42.2703691574676,37.26253342617924,45.92663706885161,1,0.39991982537978826,T3
224,1027,1,public,0,15.665717634823949,34.08518068515842,62.422629828060074,81.90277769315091,58.702883845889055,6,0.40782334530317266,T2
225,3613,4,seed,0,41.29023795458747,42.809064687833,73.92862925060291,56.382430849522464,52.17031690886669,1,0.46184467449970484,T2
226,1543,1,seed,1,76.8126097710475,40.57086086616789,55.92422074898395,51.48985534428843,89.72521762950947,1,0.5971879920054765,T2
227,4047,4,A,1,50.030609999053034,32.05686876372089,59.12181053973146,84.99724410810728,90.69842510247503,2,0.5757651846158705,T2
228,2904,1,seed,1,65.40887516485262,56.70688347514676,67.13878506065676,79.71223923683658,57.7907238936506,1,0.6046162020120094,T2
229,2743,3,B,0,39.13971855037116,32.89752008754682,42.454099631792644,62.342282106877015,58.08762109327053,3,0.39135507524050295,T3
230,900,4,C,1,81.58058223538846,15.753408242712602,69.83508013460677,57.892356725104364,50.65146957205825,4,0.5176790704283212,T2
231,2326,4,B,1,57.83958509917986,48.165823524732886,71.10948955295595,60.150583020616246,75.80210695554737,3,0.5755074696358717,T2
232,4285,3,seed,0,64.35060594725303,22.548588464478115,99.65802078000655,65.18027917742452,51.40836220433259,1,0.5617469068619204,T3
233,117,5,seed,1,94.88669687822528,41.46110437478463,51.982332951046686,84.40066193847451,49.83726633102311,1,0.6196467214236245,T1
234,3797,4,B,0,82.74660150884105,38.636148005139596,50.67069117330996,67.91454393932118,73.6360786823044,3,0.595770115906942,T2
235,2473,2,seed,1,55.40151568069413,39.318110703535346,70.30345394517992,72.16440646254797,47.84891537961696,1,0.5100920949531851,T3
236,3602,4,D,1,51.10169722694461,91.01733582862276,71.10566670259422,78.3697815269824,56.35816441437498,5,0.6338094671777135,T1
237,3323,4,A,0,55.116824827207026,56.015408209052275,49.43860554597261,45.624535985658135,30.117716714313122,2,0.40518847419439563,T3
238,2171,2,B,0,67.64847372714803,59.41667816191598,51.54939716911922,72.5680664946366,68.97123586709384,3,0.5933102890082692,T3
239,1557,4,B,0,58.42163798623693,23.024830665838696,66.65809341148865,57.87603743473744,89.99473796609178,3,0.5442599820700831,T2
240,3143,5,B,1,54.071337824947925,43.228663594535405,44.75865214824542,26.774667259181278,69.26083133759646,3,0.4164007939019926,T3
241,718,5,seed,0,82.00771876063564,58.87544733894722,51.431456191759764,32.20562641219863,81.85058584830418,1,0.58394322533936,T2
242,2928,4,seed,1,58.286851623332446,36.55847956756588,59.433484277894955,47.7463534387384,42.61626368498538,1,0.42960137757661415,T3
243,491,4,public,0,94.49383639555978,71.34513118332373,73.93501895715613,69.43712520029614,61.017512794479416,6,0.7220926335174038,T1
244,3256,2,seed,0,61.361138456282596,33.351461453781454,48.326422141127345,63.59319391476415,40.96628128572038,1,0.43534057867730525,T3
245,3151,4,C,1,86.77977591337091,49.84540955442684,28.52184860750925,64.58113390045929,53.12798572511717,4,0.5292547337547162,T2
246,440,2,C,1,65.3597913406594,44.451070480439945,27.334440519708625,89.3132087576137,70.12759511499259,4,0.5388178065972229,T1
247,3792,3,B,1,74.44440859874172,57.95777186887449,37.849390932701866,44.232745391962624,58.730950422756074,3,0.5019429046546283,T3
248,2090,2,B,0,49.13083422723413,43.47117870660233,36.989316508801004,61.61593304142787,32.98510261577923,3,0.3727706927695167,T3
249,3938,2,public,0,47.193611661188825,50.12391471272313,55.526227862081456,66.26209731939342,34.644505205858195,6,0.43390961461475497,T2
250,227,1,public,0,66.89558932522482,50.74965834799626,38.97791754243832,51.6921763684633,33.520213164656845,6,0.42607661913073636,T2
251,913,5,A,1,74.82829863697972,41.78102036695658,46.75592064286074,62.39657443116117,65.35469402897303,2,0.540697296566899,T2
252,2480,1,B,1,60.603847530006945,63.731689632948026,45.614625840287204,39.60070932281917,92.08620710616336,3,0.5547783321154564,T3
253,957,1,A,0,40.70409997374455,59.29099074707366,50.9518742264321,81.7386870418504,80.16179014800362,2,0.5548278409406537,T3
254,1662,5,B,1,39.59612450566009,53.404948985442985,79.16006930436996,52.45739626457393,24.768251614516906,3,0.4207592275304363,T3
255,3309,3,D,0,38.592953967206384,47.251749997684755,68.59116143088826,90.43960230689905,81.15829094718633,5,0.5825298585493164,T1
256,739,3,A,1,33.485668305909286,69.33779254935995,58.258070644416065,61.54535946515563,72.918807089249,2,0.5137930034684832,T2
257,3394,4,B,1,61.642280391706315,50.754983611344734,50.62357951070659,76.39274991558857,30.72990092601112,3,0.47841032996957555,T2
258,534,2,public,1,76.87565882562038,49.47944881913313,51.06827749403166,61.25375983412384,51.845572515921546,6,0.5393086739493287,T1
259,892,1,seed,0,59.798763196127865,56.884420537986266,63.243943519231195,61.56958634835258,75.62388099542876,1,0.5838848126732465,T3
260,2946,4,B,1,26.093778639932218,85.53856029347531,67.34670517363665,53.82358933489189,66.35736968589136,3,0.5145059361601839,T2
261,3971,1,D,0,57.13859309498177,30.87358825561833,43.47811990239039,63.66773501112789,34.74538410940424,5,0.3934894897795589,T3
262,869,3,A,1,57.558015050510896,68.85742407499639,58.58369208982771,66.45198172179667,67.3826166485353,2,0.5822073515212061,T2
263,1513,5,seed,0,91.43998125338159,20.922919097714107,25.49408690139157,51.020380875187485,20.66248986663001,1,0.37949390912812747,T3
264,4627,5,A,1,38.142931306206656,58.91091684811523,61.38742054672955,60.249378177961624,53.2120230121274,2,0.4671260213578861,T2
265,4948,2,public,0,54.13983596101207,83.35149089695716,70.19438787133898,53.45861587520041,76.34526507980082,6,0.6210648574984956,T1
266,2913,4,seed,0,85.58779020816846,63.79603344041153,53.518901969906,94.19529697460774,57.312701664712435,1,0.6760932306923616,T1
267,2246,4,A,1,66.74967512019822,58.07125141371627,87.06443193824168,60.74376922123734,48.51806165064692,2,0.5971762886085958,T1
268,1747,3,seed,1,68.44969610274637,44.91190956154464,43.90018484102319,83.63325012375182,72.11888631412994,1,0.5785798771114595,T2
269,3070,1,seed,0,61.71876655535817,55.55884960879398,61.47904664485218,59.261287368692365,73.57078085647188,1,0.5739331028184159,T3
270,2962,2,C,1,64.94915307985897,50.462869322739586,57.42680405334471,65.63002698148871,79.27067477873815,4,0.5896134622152258,T3
271,1487,4,A,0,71.66414295417803,40.8524210572356,56.395237320905466,43.50090299696623,71.86382128358858,2,0.5280233158853439,T2
272,133,5,C,0,47.85770521660851,49.78223892145235,56.17084531192404,55.74098371384989,75.38337149693149,4,0.5067338169561688,T2
273,774,1,C,0,73.170878683623,58.57086089127591,59.713680480151545,64.94748539104945,69.45944547643809,4,0.612043318548448,T2
274,4793,4,public,0,39.40495474671691,41.19009276644847,71.5673398954192,84.20405363343814,61.513987034980026,6,0.5233055788846943,T1
275,2102,5,seed,0,64.92551959247307,40.486927227675686,80.04377978039591,65.1077588874678,58.52165299598484,1,0.5719911396509312,T2
276,2421,5,public,0,62.68111444929491,30.51561812334086,57.96399608793348,81.37208505670199,52.96658477534417,6,0.5164223941987369,T1
277,2346,3,C,0,50.75560367711838,62.03305046960013,71.04505715474613,70.97020754284088,36.38973901798467,4,0.5155595146375943,T1
278,3918,1,A,0,59.6597208701153,64.81581871540709,46.77172885973148,84.7836187525056,40.75970435006325,2,0.5310685621738651,T3
279,343,2,public,0,50.6618977100167,59.169887996257316,70.25528724361973,61.17340895772922,52.20575380710144,6,0.5238139581217687,T1
280,431,5,public,1,43.92448009707384,72.37306886911598,45.808135618768155,95.46311794912526,61.1046867132413,6,0.5637641317702928,T1
281,1393,5,A,1,54.695778875795334,56.58161746745309,75.45055897741011,55.20445315920228,81.49381416607247,2,0.5955502026602773,T2
282,2443,4,public,0,43.44017046942508,62.05619687258362,93.37025403829183,51.26953432123263,56.289447126116286,6,0.5486219683100892,T1
283,3362,1,B,0,64.84196196139872,60.46907366147613,56.04665779245773,45.05926010435353,74.05909694492028,3,0.5542770563682878,T3
284,2463,1,C,1,42.74871758771455,53.352279650472255,22.919304147081462,94.634345401813,75.34836615934606,4,0.5020050159233032,T3
285,2217,3,public,1,70.67965534486576,45.44520709366635,49.23083306808283,73.47226601665056,53.06540443929055,6,0.5355462578114112,T1
286,4690,3,B,1,42.277813981067695,94.8547470842544,77.71000214862886,57.322309732675684,67.10973359329313,3,0.6124622804921303,T2
287,821,1,public,1,51.505576266284905,46.86488236263685,66.84922859240392,79.48631775622893,52.860023290677354,6,0.5316203514536266,T1
288,2867,4,B,1,50.630948876772315,43.014201199832144,61.98261757880047,71.62769059164894,79.47631019933411,3,0.5545015665954671,T2
289,2720,3,public,1,79.87720093312258,62.812176822101925,74.13869369527742,89.52578459925826,67.80933675052084,6,0.7167221548527295,T1
290,2377,1,C,0,64.95434918424888,59.53337947531009,65.75125502797475,40.33034034164124,36.76177617029796,4,0.4816472583247223,T3
291,4041,1,A,0,56.82399296183409,29.713752143014105,77.48360299921818,58.284958483600434,59.745919086615395,2,0.5100971546915043,T3
292,1349,3,B,0,67.48079161604585,75.2082085821473,72.71077882635177,55.524700624800445,85.01790675100595,3,0.6732193701273563,T1
293,4769,4,B,0,28.392114790054677,53.304497643685,82.34720724379135,34.36844253027958,53.91907241270608,3,0.42377845396621766,T3
294,1671,5,seed,1,59.352996155386386,35.003240286117034,63.74073734250007,76.84458086691572,64.61115551161616,1,0.5452950656038729,T2
295,2734,3,seed,1,89.96271266707144,76.39811405836973,72.48415042390327,58.214448218752985,66.27994024156547,1,0.7052736249062366,T1
296,2612,2,B,1,61.98519759604009,66.26216028873077,53.085966830627434,72.35483686981188,39.37741071420179,3,0.5272357477397619,T3
297,4251,5,seed,0,61.018697537540035,32.238244144937546,48.3766270150559,95.03680708061457,65.68203513662974,1,0.5490613990085657,T2
298,2205,3,A,0,68.22192569463294,86.98929112463904,85.30828224670357,57.054588314413486,33.30480241541136,2,0.6144478866494668,T1
299,1437,2,D,0,73.43407864971519,66.85835263059147,61.45927482116301,56.10385824279983,46.36439019117627,5,0.5644132764702326,T1
300,127,3,D,1,30.037999606652104,54.81646991874917,70.87808905379806,63.661298376135946,75.28729044740126,5,0.5116540817298092,T1
301,1831,1,D,0,34.7651027731346,83.62393850119203,59.97984023058224,75.82146294176773,63.064856935242084,5,0.5560671767549469,T1
302,4134,2,B,0,63.1543693662922,57.86736010893353,48.61574958528057,54.0660176456579,51.82387726830904,3,0.4958751837777853,T3
303,69,3,public,1,49.27685157153736,54.494504648127425,58.17572628131842,53.16653764015017,64.58983736116818,6,0.4956714192658342,T1
304,4482,5,C,1,79.68037893329871,43.1145979116042,80.97590428428343,76.80064978337913,55.978431788162766,4,0.6403446474819829,T1
305,2723,4,A,1,55.27238415172164,65.47330790752741,66.88384118847078,67.3009505337325,57.213834539981164,2,0.5658971024724365,T2
306,718,4,A,0,30.982038964303232,63.57885341183164,30.616429444312654,33.37380431793251,68.16591495424234,2,0.3681628492041218,T3
307,1524,3,D,0,40.979791247340046,55.264242518014804,54.55608869478152,44.84451480743249,44.634748408794756,5,0.4038419546531403,T2
308,2779,1,A,0,18.75485970554137,40.78024563038315,86.51670068327539,83.01730209358095,57.68571889442974,2,0.48325475037034443,T3
309,1592,2,C,0,56.48811694075631,57.33873737498933,54.5792502104007,67.62699596310337,51.6914406916869,4,0.514504709030418,T1
310,560,5,public,1,57.17423809103425,53.74362185628152,29.19234093225311,51.329256965478514,30.044742631795657,6,0.3732946823242623,T2
311,3336,1,seed,0,53.633059353271534,30.99746226278438,88.2887821667607,59.61426479871025,41.3522521437619,1,0.4885697908848888,T3
312,3367,5,seed,0,76.18318558544608,28.50737767616466,68.91828015700469,62.185313419223384,83.65950960008514,1,0.6072060450516705,T1
313,611,4,public,1,77.9777975477504,65.17276081857585,56.87979425899519,72.30026704392229,63.54029634794898,6,0.6345418276920939,T1
314,1420,2,C,0,57.44417364965833,8.1660103290696,52.0573162226869,42.98431247197695,34.49899887617639,4,0.326583797635872,T2
315,1234,4,A,0,27.979594987847157,58.69738948530268,75.31763087666776,50.226712058613586,30.81397561057702,2,0.3975717626385582,T3
316,3303,5,public,0,69.25922370738388,46.39450496043116,49.328265596380916,65.82138056808745,55.093213698120074,6,0.5229396870527258,T1
317,3656,1,public,0,68.33040342762862,78.54843892383838,76.37210279225582,60.602315873063695,83.54017106400019,6,0.6971548702908398,T1
318,3640,1,C,0,64.64087355235418,46.117572235230234,66.6751245715881,70.00602855691393,53.825111708326006,4,0.5522055938553845,T3
319,4695,4,C,1,74.72219623962174,66.87071585653413,61.9149108077976,44.786896436965634,79.21899240786827,4,0.6202464190718916,T1
320,3847,5,A,1,42.527578553084396,47.85555085771975,60.32823688536953,66.99980146779849,62.98282310391718,2,0.49069140496432956,T2
321,1616,1,seed,0,90.13133079277708,57.04746676275058,55.20051141257315,77.2821706712846,65.01125778338019,1,0.6636714298813681,T2
322,556,4,C,0,45.60858370287198,68.26305755656092,74.73024192334825,68.81545966008997,34.292751341822324,4,0.5119704590006546,T2
323,3080,1,A,0,71.23834390801282,46.67399710615756,44.15451468637065,63.947564356662284,72.93788966974589,2,0.5540863849282633,T3
324,4581,4,D,1,34.68978458379972,72.93798792097127,32.04919797071665,60.65762956407641,51.306155366348676,5,0.41707315671486966,T2
325,4876,4,public,1,46.04602969094924,37.1134382120833,67.8310419662796,50.31208386119897,71.67257171138544,6,0.4826751427510655,T1
326,1166,1,seed,1,82.74552970088004,60.30267116605082,68.09981324907436,60.992019705842964,43.15911030623608,1,0.5959368758447441,T3
327,1197,4,C,0,56.08650265498725,71.60751501018134,65.68385844018826,79.63588194032567,60.00983890766851,4,0.6084235488261699,T1
328,206,5,A,0,72.59883907699196,66.88067485222602,64.52365391388862,60.333600907598246,62.984050216939735,2,0.6140643351390598,T1
329,723,5,public,0,63.55433083078869,89.49600778123738,52.871353946599235,49.54274414912226,54.381433618210266,6,0.5665730513925152,T1
330,2783,1,A,0,58.42562765999741,41.25809228840811,70.5997232701684,55.108540757284594,63.87726828246466,2,0.5258077936351697,T3
331,2743,2,C,0,80.45775487399035,30.175313475725417,57.271069971927346,64.81190416186303,52.471249721727354,4,0.5332780092232311,T3
332,1867,2,C,1,56.4501176302215,37.10196804708785,50.20618302695715,56.770804039468146,45.96598419829825,4,0.43016420194560595,T3
333,1563,3,B,0,33.288928386547944,66.88796619787186,53.0097390039136,68.79424596288396,84.29321750749739,3,0.5363613068390938,T2
334,4152,1,D,1,47.951398620724426,63.96261281684882,90.33023518041331,69.31981265048643,74.83219872814452,5,0.6359193863466395,T2
335,2310,5,D,1,68.2678759305254,56.84061987365348,30.240382687273076,74.44576452566507,44.06529933418099,5,0.49134670021137805,T1
336,4045,4,C,1,65.93263659543763,34.78677311607166,65.99660966873279,81.92983261171045,66.66355319510842,4,0.5838872976597136,T2
337,4816,5,public,0,36.494126246468426,68.80361127992309,31.134233158020525,75.94202214121304,44.374459470080396,6,0.4267094994158042,T2
338,1599,1,public,1,49.13486220887698,32.95531400229027,56.268266586832425,48.920653101928565,36.86036105774049,6,0.37777877064586785,T2
339,1029,1,B,0,51.2741797619663,75.8610924827842,51.061960237533,49.35051774793219,74.5747605037826,3,0.5435115119305184,T3
340,4765,5,C,0,54.517956088286624,100.0,24.639547253121954,60.939199329562456,28.030306363994104,4,0.4624511219604987,T2
341,3181,2,seed,0,39.36129617097673,61.59612063828791,64.22460144694021,55.683544998648195,72.7565505308012,1,0.5169380985077845,T3
342,1468,4,public,0,50.57443337820782,65.49594644183938,51.91939100492487,46.063425822546805,52.70372068625801,6,0.46736077495707967,T1
343,3116,5,C,1,49.070842721107084,46.12852415987993,24.412698519020097,55.81631488157808,53.40370774763101,4,0.3843927473151209,T3
344,2584,1,B,1,71.57299889642879,22.416160220437305,71.43308945238803,55.35681892933346,63.965770733595924,3,0.529560249660685,T3
345,4529,1,seed,1,72.13681966485366,44.151051465456,80.96009884782296,52.59413164334312,66.88037980390229,1,0.5967654877556503,T3
346,1294,1,public,0,57.81284312866776,35.32788566022251,81.84198947674516,57.57894719382992,42.95216599390856,6,0.49503511439553055,T1
347,4957,1,B,0,54.119403061939025,28.95391762452972,63.743303050423535,78.49831190445664,69.20133534875107,3,0.5311490896039676,T3
348,4681,1,D,1,62.0988646805867,86.00247895592169,58.73693021723385,64.78933257748935,58.9272991464288,5,0.6082337085657243,T2
349,919,5,A,0,47.75137338816638,59.911525324463916,79.25050593433275,96.60532706477657,35.647068521243355,2,0.5691408346217054,T2
350,839,4,public,1,42.797518767488384,61.8343764510517,84.91813736544157,64.3871146042751,54.112133779144436,6,0.5486183577673802,T1
351,2675,5,A,1,45.89668186611425,49.437597426467505,76.13709924601,57.93907916487848,80.48174326450174,2,0.5597830608923152,T2
352,243,5,A,1,50.47780254042815,51.88832051601815,42.935398364323184,62.057860357168124,85.50211157017684,2,0.5245975852875975,T2
353,1508,5,public,1,42.54789300311593,72.361912280308,61.22151765143875,65.59088769820956,69.19492377934752,6,0.5528738833197765,T1
354,2186,2,public,0,62.43089338594312,54.417931863486125,65.03225830866286,68.09355540039489,36.76416070113771,6,0.5168888452764258,T1
355,4847,2,A,0,70.94573510675562,64.55249088444519,29.046128497324332,91.07395856202633,65.3403173417501,2,0.5921880118121259,T3
356,4962,5,B,0,36.193525488026374,51.471922638789714,65.50977055393238,50.16551349031404,71.46463536560628,3,0.47637451533109787,T2
357,774,2,D,0,60.3769306682405,48.84124796682315,94.36786921567023,74.0266448144883,69.33703571641827,5,0.6483395525105486,T1
358,4460,1,public,0,56.70096307100496,29.675545019166485,68.23897865281266,64.90850836659773,70.34422290769461,6,0.5259748317376957,T1
359,472,4,B,1,65.12263028305205,19.400516877391695,81.5746093030681,40.00463160401135,63.17547234720802,3,0.4947615593945265,T2
360,3748,5,C,0,59.80591847844618,50.29188578080477,60.926635682059285,72.78978294932668,55.76899023988076,4,0.543403279231608,T2
361,4231,5,public,1,38.19601080102554,56.016940455878185,56.82850681625886,79.74672985125467,46.65775256963169,6,0.4751661075936156,T1
362,4456,5,D,1,41.06416051714252,31.849659339241764,64.1003422412956,49.999530347115986,24.73509618547456,5,0.3439455744588082,T2
363,1132,1,public,1,60.44135363377459,54.379452429376606,44.94677363224908,61.87492584951241,62.77391003412696,6,0.512529857811981,T1
364,4469,4,C,0,75.43171379618263,55.96754613382904,42.579597004249784,37.84504033189215,60.1628983420872,4,0.5019196100271404,T2
365,597,5,seed,1,26.787189434354957,16.191855890931173,78.26087291470985,44.376709564419286,66.47878932802188,1,0.38336353524784744,T3
366,2603,4,public,0,65.1858986970237,38.52775612936898,79.95747748586429,76.67241408664154,34.261757214020804,6,0.5373019169713638,T1
367,2358,5,public,0,77.84433007931464,62.330750087238435,42.142298950602395,55.47016891589592,67.96528371835602,6,0.5728694508701466,T1
368,1593,5,public,0,57.7046118569068,61.96705712912339,73.48798087286183,46.47675835086745,91.92726660855321,6,0.6170499913909737,T1
369,130,3,seed,0,68.25303744039661,34.233851504804306,56.60864039030366,65.21244510241802,58.33365222322449,1,0.5176236595294477,T2
370,3864,1,A,0,49.45396378653297,57.85206490899523,63.43693719184689,54.686225959965675,55.95168957348881,2,0.4982157463780693,T3
371,1691,3,public,0,58.20950701084685,73.4033300564885,65.36349823096101,55.4084967911425,62.253040053456914,6,0.5750132634232572,T1
372,3315,2,seed,1,35.68629722537773,68.98731326183616,73.9096074899891,72.35056435944864,91.54972942007575,1,0.616754970526618,T2
373,2062,1,public,0,24.83485037371689,53.28485583374918,59.32349122981102,45.735732974919145,39.59798805110185,6,0.35301868119527,T2
374,1880,1,B,0,74.14148701837912,46.576426360162735,80.56259192483097,49.32488702245435,60.45451786769638,3,0.5859487559830376,T3
375,4433,4,D,1,45.22507608413337,43.67179928197892,62.950605436158796,64.15711989008416,43.40582382094005,5,0.4468556724507341,T2
376,490,3,public,1,53.167082324948545,63.42075609237383,67.98694835951252,75.57173707047488,47.70091974563508,6,0.5530164479154008,T1
377,3688,3,B,1,39.2033662009471,58.511871516571986,44.66779853540406,79.3342442208579,56.15696476600703,3,0.4767885529704445,T3
378,3739,4,B,0,38.85045445374186,66.32927210983961,92.53854417127735,52.68913591493728,79.9044951074305,3,0.5971656428068869,T1
379,1912,3,C,1,57.392434498580755,57.373728636180736,65.51719877127947,75.12327753687507,87.61684021170853,4,0.6360815474711157,T1
380,1327,4,C,1,49.056342087965305,69.73775110625395,69.40795880552159,51.022007891414276,64.61841645865401,4,0.546079109188442,T2
381,46,1,B,0,65.66956496992047,56.702665593238606,32.26902702061534,87.5669308566952,50.597889708600746,3,0.5281615522306412,T3
382,4685,5,C,0,66.78807628469387,69.12439689037035,44.836767630734386,46.127205644123805,99.37656073285481,4,0.6112717063637263,T1
383,4739,3,public,1,64.81274469486911,70.6748098665995,77.80613900669968,80.59870335108423,49.73157381739816,6,0.6380447172275023,T1
384,1220,1,B,0,63.57901186392665,40.51852065595335,62.59025789268168,52.809194504537864,47.29068945588446,3,0.48052107276500894,T3
385,178,5,A,0,83.6665230739783,22.453407156326577,27.379524242737183,90.1854503671244,26.825968242161643,2,0.45433642981265604,T3
386,631,4,B,1,43.986093464326714,82.78287140826197,74.6126388637411,70.27849020393478,80.73355667716064,3,0.642357972378759,T1
387,356,1,B,1,59.17597700695623,59.619857152820714,49.29947513035643,47.77576858828489,73.460175070312,3,0.5249562741009802,T3
388,4158,1,A,1,76.99034730779383,24.139253881069813,80.5810717740274,54.68866128640491,98.10269411397958,2,0.6439380910495385,T2
389,4461,1,A,1,78.96809714007054,42.1512490500632,56.59462914234081,72.93653687313238,33.37810301229186,2,0.5247710807391917,T3
390,783,2,D,1,38.67354525983141,68.89373726265691,61.27530697632848,76.73702184661786,81.78890372714486,5,0.5845254173853263,T1
391,3738,1,B,0,55.31466837516195,49.96581703960793,76.86327325746637,61.00998171585752,58.19230381222417,3,0.5467128158478668,T3
392,912,4,public,0,80.3718164380089,45.78289445225571,43.640112466325405,62.625215933488526,70.70370368560232,6,0.5706695049886504,T1
393,1848,3,A,1,67.62118657798598,80.21587348563341,42.11445107465697,72.61694245701692,28.987788601223993,2,0.5251426048734673,T2
394,3004,5,seed,0,62.92894547219659,36.14883136509141,54.85602527363028,63.84517797815148,81.95739098531006,1,0.5517883491544817,T2
395,3605,4,public,0,56.73472959848015,40.63323956041299,71.23476479393955,43.89093196926274,70.37078477264112,6,0.5133734528349636,T1
396,4375,4,public,1,54.24298611438382,58.804956550868816,36.70596395818415,50.61836365503747,56.3385294086343,6,0.44845524640748347,T2
397,243,3,A,1,64.32328594635486,62.028188776969884,31.311446401774454,65.29167920412331,67.96691569023906,2,0.5276815121397685,T2
398,998,1,A,0,56.21438812523275,63.93417461813317,71.17953483270068,79.01675383096772,43.98657988228177,2,0.5685831929909265,T3
399,1416,1,A,0,59.361320684333336,71.40228480224104,48.35234699892794,84.62375393826866,47.14951854511111,2,0.5607754377328654,T3
400,1565,4,C,1,61.17898059172556,58.5744151722673,51.72438379327547,72.9134118908003,49.12144156836826,4,0.529269924562993,T2
401,4990,1,B,0,49.82892707259751,63.80891090089136,28.291033568957346,66.0220706545091,25.503626351265275,3,0.3884433360534515,T3
402,3891,1,A,1,67.98194060822158,50.3342333323285,47.136330970368284,72.48339440375467,71.64989440145725,2,0.5722145708957156,T3
403,1615,2,seed,1,100.0,56.128569458260856,57.87892325390159,52.66548809710402,77.25709144110363,1,0.6759019690297425,T2
404,4859,5,C,1,33.34520041010887,56.93561524096542,72.88604572196627,59.854766556385,45.077149454014695,4,0.45530840755620866,T3
405,2506,3,public,0,64.8601878628497,58.87176644474265,45.66031734024578,50.46216990124733,62.91945127106192,6,0.514097816452386,T1
406,2513,4,D,1,48.597148670716415,68.90571653648969,84.51801792371995,44.51760345009204,52.48581193130298,5,0.5364353359062833,T1
407,2179,3,C,0,68.66103866278876,64.99262227500697,47.04710361312319,66.66968616290687,62.58065735537752,4,0.5717568060595154,T1
408,736,1,seed,1,60.698362099917915,55.79590605220329,47.0705311746372,64.59718629218641,46.3311868994125,1,0.4894981589553978,T3
409,4673,2,A,0,71.42782161063695,40.43573227106128,82.59772083036484,71.62713478312618,41.98177234651019,2,0.5727217879959996,T3
410,89,1,A,0,77.6325986476317,56.218082645128774,61.383362437822676,69.64556563249425,74.88527306240363,2,0.6455480158450093,T2
411,887,4,public,1,62.88631676652272,54.49567987187661,49.16760433581477,65.39701979853407,55.91420005288363,6,0.5209163652890219,T1
412,1163,1,public,0,76.98078432621267,58.47726843663757,55.51786990111051,69.79263331948576,91.3758521645091,6,0.6722929746807119,T1
413,1410,2,public,1,24.83553159316984,94.71745552852724,79.64917724067294,61.402436652815325,57.78726940150038,6,0.5519815681739105,T1
414,676,5,public,1,83.85678446874034,45.572089986257765,81.45924511401091,67.7804795331136,41.256673314041635,6,0.6081790010632259,T1
415,109,3,public,0,65.62593227838511,62.60120234425647,44.9313091316759,51.833978362390965,77.85799489941095,6,0.5582232302589254,T1
416,3394,3,public,0,76.16765033617773,74.23231721039737,57.32105903873427,67.17588295894782,67.72360279048233,6,0.6475464564919428,T1
417,4847,3,seed,1,41.701863827377174,56.764034453788895,59.44250924268117,71.35784759400413,69.3568386828392,1,0.5269069002479511,T3
418,626,4,A,0,47.53845177591997,97.08121214509897,42.22015823173444,52.62446000698915,77.24021154075461,2,0.567882209454251,T2
419,1496,2,B,0,62.189074412171614,48.19529274883342,57.109039157600094,62.72564938589986,45.902463004621495,3,0.4961197727225851,T3
420,2541,4,C,0,59.74443165993805,60.83360600176085,58.08516576722721,53.26956486518897,54.83669374725011,4,0.5176648183907104,T2
421,4638,5,seed,0,64.24602882014985,40.621496591926324,76.24335166298778,54.62890624877439,54.08535286470752,1,0.5314225087627273,T2
422,3477,3,public,1,76.26772741394949,48.67255476742072,77.31880045297922,46.25098902856983,35.05730887243449,6,0.5266820817370805,T1
423,3835,3,C,0,33.52169527045726,59.48081038713984,52.73264962625587,79.72084895233178,52.51896744730986,4,0.47225912795226926,T1
424,2913,1,C,1,74.60728607575963,70.23347312153913,54.57674969822701,76.91959244608067,79.71845078390601,4,0.6747560248984013,T2
425,2096,2,A,0,60.1242286493689,60.74370701242434,68.62867683289016,69.52407395918272,61.0347477644954,2,0.58752402046838,T3
426,1014,5,A,1,56.94327208313178,77.66406728802525,48.636984817167814,89.6107433272134,34.11695742663521,2,0.5475264297676434,T2
427,4324,3,A,0,37.933271484226644,53.29062440933191,67.41824242779845,59.35056024804252,30.550730001696106,2,0.4162295655432533,T3
428,4024,2,public,0,67.54573002565297,49.0209664628979,56.59349620209257,100.0,85.30119299872061,6,0.6735531398149246,T1
429,145,3,C,1,23.78838223453444,100.0,42.48962275618207,58.81458818491492,55.46457682566279,4,0.4675461854286605,T1
430,3582,3,D,0,69.7259101685807,62.09627768995655,42.69061259392566,65.57270692458422,45.994026503072504,5,0.5204191181224951,T1
431,440,3,A,0,37.61841246790512,42.049332172386144,81.15293913649764,56.431109204837085,52.342139996750944,2,0.4657909002884953,T2
432,3700,4,B,1,60.80186868926211,42.50325227953476,55.49725633370722,67.21255784084427,31.885768176605353,3,0.45464205585423995,T3
433,4133,2,B,0,58.21246744008119,38.03176153843587,84.24566550237297,73.69860899040742,81.19261754169753,3,0.6238092943491277,T2
434,672,4,public,0,77.54307220940825,71.85824840542219,49.78181982856144,60.405170497256826,50.3181000610375,6,0.578210630939545,T1
435,2180,3,public,0,57.320172464791646,48.44120872792165,62.659283218103894,86.87407785964669,80.24582597155317,6,0.6183546493055997,T1
436,636,5,A,1,49.587921582815014,57.29252456181674,96.28282756829186,65.34808998486845,57.87807914560436,2,0.5949036867564318,T2
437,2845,1,public,1,52.40095956043196,53.85684386011116,41.08181208538753,65.78679540554279,81.30204356766347,6,0.5281335351425116,T1
438,4639,1,A,1,79.09324153131996,68.16686334293682,27.634968001603575,49.27403227680796,61.36380648373245,2,0.52949855142379,T3
439,422,3,public,1,68.0444545377134,39.75860632808764,78.58544210059573,67.85898704370538,71.5049552687743,6,0.6109139139862533,T1
440,1999,3,seed,0,54.21555027715258,35.63969884942572,44.77105431371082,60.12361890866888,69.22458178350172,1,0.4670907507742269,T2
441,4866,4,A,0,56.453303700532295,59.0373515292687,57.66869817430026,53.48464378927798,67.5959481262835,2,0.532254325563606,T2
442,1518,3,public,0,36.4923436412183,65.81726712459815,48.62530863277464,51.129358285922905,62.91488611210608,6,0.45173075043301586,T2
443,678,5,A,0,65.82711301277311,60.98558163575753,62.29060449528506,99.4046873165936,53.041537826035054,2,0.6318751683449477,T1
444,2453,3,B,0,33.60276438456802,40.4298328762481,42.79142068502813,58.3113184974935,89.56238975673863,3,0.4529959458497739,T3
445,2551,1,B,1,71.27694698753184,67.19472715764509,55.1209585938671,41.60220410906225,41.58207125336969,3,0.5056178627723804,T3
446,3321,1,A,1,61.92932388736899,41.61050331227858,65.19704522490454,52.22489956374398,57.073229919833715,2,0.5041997363653097,T3
447,1582,5,D,1,95.80427699360884,45.6123043938451,41.86705781961181,61.27805024733301,57.25305987852912,5,0.5795564206644636,T1
448,4779,1,public,1,43.497966694135414,38.00883655500396,46.79865552566578,69.65333845663079,63.84149280683987,6,0.4512444832366882,T2
449,2614,5,public,1,58.4600686343905,78.42085027573656,52.441874662423494,69.7671513041544,49.698965019793484,6,0.5576422262644639,T1
450,1446,2,B,0,86.97431551384594,66.40158773849228,35.13895305237955,71.47260372487136,62.35068719502299,3,0.611623685507055,T2
451,4802,1,C,1,77.87084460437121,65.88988076221972,51.23902427522006,52.971955707077385,54.12967605154957,4,0.5643221890733764,T3
452,4625,2,A,1,49.556819226301506,77.4498055805641,59.900744638446426,66.76616620902163,30.106807203555714,2,0.4961344092442393,T3
453,2505,4,A,0,63.35951142560172,100.0,51.607216934585146,49.7351675024519,57.16238886636639,2,0.5908316218835233,T2
454,143,3,A,0,60.029990346226306,24.2339301296172,53.65797611309241,53.32499823780384,38.29038933848742,2,0.3987125056124227,T3
455,2992,4,public,1,64.22933801091236,41.709221544212056,57.681573265494634,49.152074356996366,27.515442038368683,6,0.4227911045046258,T2
456,2784,4,public,0,49.519793460227554,43.908848484858574,47.50810460108298,45.36255603562422,59.32684645171955,6,0.4246893385608429,T2
457,758,3,public,1,58.660193959488986,39.68524679711153,69.05700105387004,76.89893284401212,65.29401681433262,6,0.565928817397837,T1
458,3177,4,C,1,36.029214370849296,35.60350154313318,80.97564999682841,71.64056381370443,65.95386671577779,4,0.5079957378803244,T2
459,4207,5,C,0,62.02685177802123,49.60624484700342,50.569913724872826,75.67331517969382,66.6419020193348,4,0.5557536111356856,T2
460,547,3,C,0,66.75031010132749,33.10113312479071,65.76317170364331,62.55038292434015,24.145986644009625,4,0.44959352574038974,T2
461,3622,1,C,0,56.58870881034174,61.03076261567344,54.16612551304565,72.87530778411205,33.86271222557302,4,0.49186628802340215,T3
462,718,3,B,0,35.774236641228185,55.930569785715065,63.847797520616076,37.341948335004375,90.5498644258324,3,0.49775154716614023,T2
463,3749,5,A,0,74.82797794277194,63.65851596574579,83.05247249925208,74.08322525263497,39.197451078690385,2,0.6289321454548623,T1
464,2107,2,A,1,65.46787556989203,64.13911212948855,66.13855268828958,64.47967762007042,67.38429752932372,2,0.6089346045238756,T2
465,52,5,public,0,49.10977353448535,65.85412336168018,29.62536737904511,70.77953440208832,45.32206043168062,6,0.4468543189056016,T2
466,4831,3,C,0,55.79099329742904,48.27863913717012,65.26393010315134,67.32032618668059,58.354436567548596,4,0.5320166371570059,T3
467,846,4,public,0,37.48995895827242,93.18058124740601,77.72581989294414,48.181227836483586,46.2346785613489,6,0.5304695440618417,T1
468,2988,2,A,1,44.618848083331436,59.21976009667776,54.45446128003036,41.02744314452535,66.54619962853397,2,0.4636627286251114,T3
469,923,5,C,0,51.93282980464291,21.475274452753688,73.93015689788533,52.031241673438515,59.32515999438388,4,0.458065872155793,T2
470,4666,1,A,0,78.42631218420226,36.95723657620809,46.958151341568865,69.90884193782077,49.37907384804803,2,0.5213003718813305,T3
471,3696,2,A,1,50.407449136687866,23.67094619749932,34.23137344764362,71.66127981245553,39.14707396542792,2,0.36430545192328445,T3
472,4025,3,seed,0,69.60320488993138,55.31202332472353,60.25870430132224,42.84880811665392,61.55216135737269,1,0.5351014581250969,T3
473,2171,3,seed,0,51.9252569570763,52.807505967039994,29.896372468058974,48.264608855445,36.38378041627597,1,0.36551355880460634,T3
474,2347,3,public,0,63.719213412778124,46.56833743780976,54.16366379370253,51.874700396828246,64.26717771605425,6,0.5105365816973599,T1
475,3178,1,B,0,57.879067467842965,91.19667002320926,78.58947620232804,56.99772915626458,100.0,3,0.7259796655792333,T2
476,3928,2,C,0,73.09584900139114,64.8816917333844,27.443793508059507,42.931288368062866,79.9528908714542,4,0.533688076818523,T3
477,4237,1,B,1,51.97782992672163,68.06977050603402,37.528051265377634,42.09127527403814,69.21191407720077,3,0.47404130938084754,T3
478,108,3,B,0,36.41207624996339,38.24067721704214,41.48748407741476,50.494305850294246,55.54467593840049,3,0.3629036470214376,T3
479,3324,2,C,0,39.27076452954551,37.01539195604178,56.98688224462464,63.207553707150076,24.041205340940067,4,0.3577463506639702,T3
480,563,3,A,0,52.02183759085864,55.66249898374519,52.14853142966065,45.471679243451135,34.521131269696866,2,0.41077480689657486,T3
481,1453,3,public,1,41.26410043982921,58.11412851374006,80.3861821071374,60.37875086039527,78.80747855374614,6,0.5738261542338392,T1
482,4150,4,public,1,66.15318023519328,21.586391791939775,73.26957326546716,76.81973942598542,43.57414663787874,6,0.5125863071951806,T1
483,1267,3,public,0,53.013477527128835,51.754473588708386,65.92436713709756,43.775083676210855,45.11271433121121,6,0.4564288502952853,T2
484,3988,4,B,0,95.61909825039648,55.25329749172309,60.33008502950216,59.10975938225245,54.18394191337163,3,0.6277862529126653,T1
485,2325,3,A,0,33.93428107294302,51.12731501611968,64.29167643175724,76.34659427251081,38.94521359960857,2,0.44527004437639106,T3
486,1178,4,public,0,63.05449768064702,40.35897257775983,44.208282314986,56.14424253490667,36.14493151262218,6,0.4199676571696815,T2
487,1684,4,B,0,43.08070464741496,45.28836672541948,71.71536565690579,53.968624327982134,56.14194076271583,3,0.47136411149964996,T2
488,2663,2,seed,0,52.59897989425982,51.81653451568967,40.20729193025278,78.28894140029064,41.84399927057538,1,0.45933537335293356,T3
489,3830,2,B,1,62.121292100108164,56.63440042498086,71.3660319024357,57.71317089439833,44.40268414375879,3,0.530958425361856,T3
490,3037,4,public,0,25.119429376885698,65.88624848591023,76.9782800339013,77.46293035287795,43.7197525555009,6,0.48940962526862314,T1
491,4667,2,C,0,63.55239175182041,74.45541168911568,61.3738336334094,68.00551547578078,65.88012363518597,4,0.6170232663602143,T2
492,4341,3,public,0,88.54361193411252,49.701740976509505,55.180591056608385,57.20017485926228,53.053863261578925,6,0.5781077141723383,T1
493,3771,1,public,1,53.198425524471105,46.78918846992356,64.40495853295477,68.71566742836542,53.96427654580449,6,0.5124177467104531,T1
494,3023,3,A,1,63.897117852082644,62.87780212361751,12.215706078389232,66.48629319384453,67.14808025425101,2,0.4866825955231763,T3
495,1463,3,public,0,75.37382539688099,65.99520849539537,62.83613149576738,76.29235949403464,54.58532666004002,6,0.6294429362848105,T1
496,2074,4,B,0,57.540697499595055,47.18439220134006,56.18633603456309,54.32316246988974,52.26968593622806,3,0.4759712342887731,T2
497,612,3,C,1,51.28559717202775,69.2270825853911,57.189950191088144,62.576884934942676,64.9976560446929,4,0.5483632743861322,T1
498,1883,2,seed,1,25.863953944173716,72.63253614080752,69.30452020636524,61.13878048553508,68.35936334047973,1,0.5111104392604409,T3
499,4633,5,public,0,69.6148607909246,78.25035638185611,56.803697254964355,71.858073982957,54.49975050835373,6,0.6147592017915529,T1
500,2140,3,A,1,58.30247385406654,87.0097763209568,39.75669029358147,47.64749127778154,58.37033218554887,2,0.5223745113246536,T2
