job_id,company_id,job_function,job_level,location,salary_min,salary_max,salary_mid,target_top10
1,253,backend,mid,melbourne,86815,104428,96852,0
2,327,data,senior,sydney,155035,186266,169854,0
3,201,frontend,senior,sydney,136386,165449,152314,0
4,22,data,senior,sydney,140376,188530,164275,1
5,289,algo,mid,melbourne,111063,143455,123643,0
6,11,data,lead,remote,188628,237567,210505,1
7,139,product,mid,remote,96862,124291,107600,0
8,420,qa,senior,melbourne,130083,182493,152132,0
9,233,ops,junior,sydney,50097,60903,54977,0
10,294,data,junior,sydney,69390,84432,75538,1
11,483,algo,mid,sydney,105706,136189,115104,1
12,113,algo,junior,remote,48076,57912,53162,1
13,424,qa,senior,beijing,134367,162264,147060,1
14,376,data,junior,beijing,51638,64705,56278,0
15,190,ops,mid,sydney,110041,130788,119952,1
16,132,ops,junior,remote,40000,51928,45000,0
17,137,algo,senior,sydney,147489,179503,166761,1
18,210,qa,mid,melbourne,91233,124315,103842,0
19,320,data,mid,remote,103181,126203,112600,0
20,226,frontend,mid,shanghai,85731,105415,95571,1
21,74,ops,mid,melbourne,89529,118458,102972,1
22,478,ops,senior,melbourne,131840,157535,145319,1
23,195,product,mid,melbourne,68903,86497,79281,0
24,446,algo,mid,melbourne,69036,87564,77938,1
25,95,data,mid,melbourne,103229,119417,111366,0
26,140,frontend,junior,remote,50684,67853,58045,0
27,389,product,mid,remote,85777,108154,93361,1
28,140,ops,mid,beijing,87689,115770,101193,0
29,448,data,mid,beijing,106490,137407,125242,0
30,211,qa,senior,melbourne,125840,164619,138731,1
31,229,backend,lead,sydney,170279,213790,185289,1
32,3,algo,senior,sydney,152840,184026,167245,0
33,212,algo,mid,sydney,105654,137634,117052,0
34,155,algo,junior,beijing,61941,76738,70502,1
35,274,product,senior,melbourne,114817,147123,126855,0
36,476,backend,junior,melbourne,66337,83787,73468,0
37,8,frontend,junior,sydney,46714,59658,53017,0
38,420,frontend,mid,sydney,77035,103470,89893,0
39,200,ops,mid,melbourne,89247,112298,97976,1
40,268,data,mid,remote,99700,139701,116737,0
41,236,frontend,mid,melbourne,80097,106142,89660,1
42,243,qa,junior,melbourne,52647,69989,59468,1
43,413,frontend,senior,beijing,123130,154781,141636,0
44,473,qa,junior,shanghai,60221,73627,65271,0
45,495,data,mid,shanghai,81713,106874,94100,0
46,297,algo,senior,beijing,134886,160649,149484,0
47,351,product,mid,shanghai,73390,95670,85727,0
48,472,product,mid,sydney,84892,105609,93962,1
49,467,backend,mid,melbourne,86981,111591,97792,1
50,499,product,senior,remote,114065,136883,125085,0
51,24,backend,junior,shanghai,69383,83658,75108,0
52,17,backend,junior,remote,40000,51801,45000,0
53,291,data,mid,melbourne,78688,103297,89373,1
54,60,qa,mid,melbourne,68646,87909,74423,1
55,432,product,lead,shanghai,170553,226184,199191,1
56,381,qa,mid,sydney,65595,88598,74656,1
57,64,algo,mid,remote,96868,119808,109929,1
58,64,data,mid,remote,80145,101452,86372,1
59,53,qa,mid,beijing,78261,98180,87991,0
60,171,frontend,junior,sydney,40000,53195,45188,1
61,423,data,junior,remote,73700,87818,80788,1
62,151,ops,mid,sydney,89805,120991,105314,0
63,353,algo,junior,sydney,78758,110434,92229,1
64,276,data,mid,melbourne,91324,121272,103732,0
65,302,ops,mid,beijing,69328,96234,81336,0
66,26,product,mid,beijing,72952,87450,78832,0
67,339,frontend,junior,melbourne,75804,95376,82579,0
68,226,frontend,junior,beijing,62257,74129,67791,0
69,70,data,mid,remote,81116,104954,94320,1
70,278,product,junior,melbourne,51368,63842,55323,1
71,305,qa,mid,shanghai,83313,109059,91573,1
72,60,backend,junior,beijing,50448,65639,57877,1
73,251,qa,mid,remote,95861,113849,104103,1
74,171,backend,mid,melbourne,105555,130027,116313,1
75,377,qa,lead,melbourne,141743,179415,154826,1
76,253,qa,mid,beijing,97743,122184,105458,0
77,17,qa,senior,melbourne,120964,164202,137862,0
78,152,ops,junior,shanghai,40897,53552,47885,1
79,282,ops,senior,sydney,122489,150952,133593,0
80,209,algo,mid,shanghai,80537,101192,94496,0
81,134,algo,senior,shanghai,148720,187563,164416,1
82,208,frontend,junior,remote,42120,56194,49235,0
83,164,ops,junior,sydney,46030,59225,51708,1
84,47,algo,mid,remote,99107,121146,106718,1
85,349,algo,junior,remote,54505,69135,61943,1
86,294,backend,lead,sydney,181745,243109,207129,1
87,266,data,senior,sydney,117695,149222,135238,1
88,38,backend,junior,sydney,62844,83479,71885,1
89,335,backend,mid,beijing,90321,119434,101069,0
90,291,ops,lead,melbourne,153233,204837,179538,0
91,404,product,lead,melbourne,158184,200753,174052,0
92,42,frontend,lead,beijing,143181,180383,157075,0
93,163,product,mid,shanghai,98324,129006,110724,1
94,270,product,junior,beijing,40212,50851,45000,0
95,66,algo,mid,melbourne,106406,140673,118536,1
96,426,qa,junior,melbourne,41518,48599,45000,1
97,123,frontend,mid,melbourne,90458,109673,97892,1
98,145,product,senior,beijing,109935,134703,121815,0
99,195,qa,senior,beijing,115861,153399,133941,0
100,42,data,junior,remote,44521,62120,51792,1
101,88,frontend,mid,shanghai,91835,120364,103648,1
102,161,data,junior,sydney,62183,85220,71362,0
103,104,data,senior,melbourne,102223,142306,119856,1
104,213,backend,lead,melbourne,167340,199150,186045,1
105,321,data,junior,melbourne,90675,107909,98844,1
106,307,qa,senior,remote,119453,158258,137916,1
107,435,data,senior,shanghai,151560,191546,174245,0
108,76,qa,junior,sydney,42354,56959,48468,0
109,321,ops,mid,shanghai,67357,84332,77113,0
110,2,ops,junior,shanghai,41316,50909,45000,1
111,3,backend,mid,melbourne,80765,108591,94749,1
112,422,data,lead,beijing,182617,234876,203757,0
113,188,backend,senior,beijing,126295,169919,148511,1
114,228,ops,senior,remote,106299,134969,121997,1
115,436,backend,senior,sydney,138891,164202,152056,1
116,287,ops,mid,remote,63858,84010,74117,0
117,346,algo,senior,shanghai,137681,164885,153008,1
118,401,ops,mid,sydney,84447,107070,97747,1
119,329,algo,senior,shanghai,166889,204975,179971,1
120,382,ops,lead,beijing,176913,228793,200766,0
121,64,qa,mid,shanghai,80246,107557,89642,1
122,431,algo,senior,melbourne,146915,198135,171830,1
123,207,product,senior,sydney,106683,142806,121936,1
124,161,algo,mid,shanghai,112232,135285,122119,0
125,83,algo,senior,remote,146132,200154,171297,0
126,97,algo,senior,sydney,141648,191020,161284,0
127,77,algo,senior,shanghai,150725,210327,176182,0
128,7,data,mid,beijing,95652,123852,109524,0
129,140,frontend,mid,shanghai,81825,103044,94948,1
130,199,ops,senior,remote,122706,153927,134426,0
131,473,data,senior,beijing,136779,168307,155027,1
132,304,backend,mid,sydney,87858,121936,102387,1
133,381,product,mid,beijing,61604,79320,68510,1
134,284,data,mid,melbourne,99251,132540,113595,1
135,401,qa,mid,beijing,94810,109672,102058,1
136,440,ops,senior,beijing,105254,134796,121772,0
137,450,product,mid,shanghai,70817,94207,80845,1
138,414,backend,junior,beijing,57176,67291,61709,0
139,348,algo,junior,remote,77379,100613,87209,1
140,249,frontend,mid,beijing,80265,109683,93318,1
141,86,product,mid,shanghai,79724,104585,88161,1
142,62,qa,mid,shanghai,70186,83368,76310,0
143,470,algo,mid,remote,125362,164690,141528,0
144,251,data,senior,melbourne,152961,195540,172671,1
145,406,frontend,mid,remote,81796,103117,89496,1
146,460,frontend,junior,melbourne,75095,99707,86625,1
147,39,ops,senior,remote,120169,154939,140545,1
148,441,product,mid,beijing,67334,83279,76159,1
149,142,product,lead,shanghai,153045,213174,177895,0
150,338,data,mid,beijing,93557,126219,105872,0
151,230,frontend,junior,melbourne,40000,53515,45000,0
152,330,frontend,junior,melbourne,40000,50576,45000,1
153,245,data,mid,melbourne,91080,112307,103808,1
154,415,algo,junior,shanghai,64001,82831,74786,1
155,472,algo,senior,beijing,147336,175723,161045,1
156,344,ops,mid,melbourne,93116,127475,109212,1
157,207,qa,junior,melbourne,42141,55245,48786,1
158,313,ops,mid,sydney,77391,101754,89956,0
159,83,ops,mid,shanghai,78656,105360,90895,0
160,201,product,mid,beijing,72113,98290,82208,0
161,372,qa,lead,melbourne,166047,202030,178973,1
162,200,frontend,junior,sydney,50664,65592,56005,0
163,499,frontend,mid,shanghai,96322,122857,106855,0
164,244,algo,junior,remote,47425,60001,53420,1
165,441,ops,lead,beijing,161646,215053,180389,1
166,441,algo,mid,remote,79028,109601,91855,1
167,117,backend,mid,shanghai,71861,97682,83553,0
168,321,data,senior,sydney,130075,175933,151355,1
169,475,frontend,lead,melbourne,160326,206314,179131,0
170,413,backend,mid,sydney,103389,123921,111461,0
171,244,backend,senior,beijing,145457,190702,162460,0
172,252,data,lead,sydney,174147,238272,203630,1
173,398,ops,senior,melbourne,122678,151966,134928,0
174,269,backend,lead,remote,173860,227996,200068,0
175,272,backend,junior,melbourne,55739,70340,64093,1
176,350,backend,mid,remote,85694,103709,95502,1
177,494,data,junior,remote,78963,99585,86080,0
178,348,ops,senior,remote,122553,144591,131908,0
179,252,backend,mid,sydney,91737,123831,106816,0
180,110,ops,junior,sydney,44807,55312,50948,0
181,145,product,lead,sydney,169160,220658,193644,1
182,464,frontend,mid,remote,92425,123336,106179,1
183,420,data,mid,remote,94345,123419,103925,1
184,113,algo,lead,shanghai,218606,281678,238465,1
185,179,qa,mid,sydney,77472,96571,83973,1
186,330,qa,senior,melbourne,111961,152266,130946,1
187,320,data,lead,remote,185967,238997,214004,1
188,182,data,mid,melbourne,109228,136159,119146,1
189,353,ops,mid,beijing,70396,95772,80577,1
190,141,data,mid,beijing,84428,112469,96456,1
191,449,data,junior,beijing,49105,66627,56324,0
192,497,qa,senior,sydney,102455,140693,119775,0
193,136,frontend,lead,beijing,154900,202649,180515,0
194,340,ops,senior,shanghai,104998,136840,122343,0
195,278,qa,lead,shanghai,148293,195107,170144,1
196,142,product,mid,sydney,89054,113244,104516,0
197,316,backend,senior,melbourne,132160,179393,150222,1
198,364,product,senior,melbourne,143221,192762,161944,0
199,255,algo,mid,sydney,90844,113076,102488,1
200,377,backend,junior,beijing,43142,52174,46646,1
201,475,frontend,lead,sydney,154705,197041,178817,0
202,182,algo,mid,shanghai,94859,123014,104224,1
203,181,backend,mid,beijing,84500,110235,97117,0
204,467,data,mid,sydney,91276,116596,106880,0
205,397,frontend,junior,remote,44125,60610,51159,1
206,485,algo,mid,melbourne,123467,157881,139391,1
207,382,data,junior,melbourne,75858,95564,82594,1
208,133,frontend,mid,beijing,81868,106536,92114,1
209,285,data,senior,shanghai,125194,161127,145936,1
210,366,algo,junior,beijing,55063,71546,63855,0
211,184,backend,mid,sydney,97978,126319,109927,1
212,101,frontend,junior,shanghai,57527,69336,63328,0
213,367,frontend,lead,beijing,151435,200100,177074,0
214,110,frontend,mid,beijing,74946,98113,86530,1
215,484,qa,mid,melbourne,67003,88733,74619,0
216,387,product,junior,sydney,59297,76901,65958,1
217,402,qa,mid,melbourne,97326,119647,106491,1
218,473,backend,mid,remote,105703,137722,115002,0
219,460,algo,senior,beijing,140498,180116,159048,1
220,248,data,junior,sydney,63846,79079,70711,0
221,184,product,senior,beijing,114054,138815,128400,0
222,158,data,junior,sydney,62163,83579,71845,0
223,363,data,lead,sydney,194689,263281,219810,0
224,142,frontend,mid,remote,63278,78056,68815,1
225,352,algo,junior,melbourne,59147,72712,66099,1
226,227,frontend,mid,melbourne,75888,98002,87597,0
227,116,frontend,lead,melbourne,163872,215087,179898,1
228,321,algo,mid,sydney,94066,111225,101558,0
229,76,data,mid,beijing,123420,157680,132799,1
230,460,algo,mid,sydney,102845,135518,113730,0
231,143,ops,junior,shanghai,45271,57052,52538,0
232,374,backend,junior,shanghai,47979,60897,53602,1
233,281,data,mid,remote,86625,107812,100669,0
234,440,data,junior,beijing,50917,61473,56595,0
235,374,frontend,mid,sydney,86081,110716,95084,1
236,380,product,mid,remote,70725,87408,79472,0
237,269,ops,mid,sydney,77590,101755,86933,1
238,216,ops,mid,melbourne,92744,111485,100874,1
239,49,qa,junior,beijing,56826,75451,64713,1
240,477,algo,senior,remote,127135,163793,140275,0
241,277,product,senior,beijing,126217,162036,147469,1
242,304,ops,mid,beijing,77052,93323,84333,0
243,452,frontend,mid,remote,94191,126302,108207,0
244,227,backend,mid,beijing,74288,94910,86441,1
245,21,frontend,senior,remote,116346,146582,135705,1
246,340,algo,senior,sydney,141986,190298,166134,1
247,87,data,mid,remote,103941,128328,116120,1
248,377,data,mid,melbourne,104070,129663,116391,1
249,340,ops,mid,sydney,71197,90008,83328,1
250,286,qa,mid,sydney,71254,87219,77709,0
251,209,data,junior,beijing,69405,90840,80022,1
252,242,ops,lead,remote,163456,212326,178549,0
253,94,ops,senior,sydney,138841,187941,157937,0
254,457,algo,mid,remote,103639,136558,119547,1
255,134,frontend,lead,melbourne,161612,206806,176490,1
256,254,data,lead,beijing,204735,241664,223339,0
257,44,ops,senior,beijing,123469,158557,140645,1
258,270,product,senior,sydney,121992,151437,138126,0
259,458,frontend,senior,remote,120299,158773,135187,1
260,469,backend,mid,remote,98089,120977,108876,1
261,289,product,mid,remote,73422,92803,84901,0
262,481,backend,lead,remote,162237,216771,190207,1
263,32,algo,mid,beijing,95966,115369,104462,1
264,326,ops,mid,beijing,79879,97517,86861,1
265,396,ops,mid,shanghai,83702,105059,95291,0
266,215,qa,junior,beijing,52942,68057,58598,0
267,251,backend,lead,sydney,189988,243372,208385,0
268,73,frontend,mid,melbourne,106967,137808,120055,0
269,240,qa,senior,beijing,125728,153292,137081,1
270,50,product,junior,melbourne,47833,61363,54552,0
271,431,qa,mid,shanghai,82128,102552,89685,1
272,153,backend,senior,melbourne,125199,166378,146746,1
273,134,ops,junior,shanghai,40820,49183,45000,1
274,5,data,mid,melbourne,101190,123289,110250,1
275,19,qa,mid,shanghai,65270,79003,73275,0
276,425,product,junior,melbourne,55184,71897,62394,0
277,186,qa,senior,sydney,111867,148937,125217,0
278,112,product,senior,melbourne,106639,131543,121491,0
279,492,ops,senior,shanghai,135285,168057,146195,1
280,80,product,junior,melbourne,56531,74763,66245,1
281,51,backend,lead,sydney,188851,248575,212331,0
282,247,frontend,mid,shanghai,76190,92021,85345,1
283,11,ops,senior,remote,124488,161790,135571,1
284,320,ops,junior,melbourne,57587,73644,64899,0
285,76,data,junior,shanghai,85957,105825,93898,1
286,21,qa,mid,sydney,78151,97432,87704,0
287,450,backend,junior,sydney,52647,69044,57560,1
288,64,frontend,senior,sydney,120204,149320,130461,0
289,242,backend,junior,beijing,70539,88791,79467,1
290,480,frontend,senior,sydney,132352,180685,154018,1
291,486,qa,mid,sydney,75181,97438,84321,0
292,306,ops,senior,beijing,127100,159160,141301,1
293,429,frontend,junior,melbourne,69756,89914,79054,1
294,467,backend,senior,sydney,132767,177634,153942,0
295,334,qa,junior,melbourne,43030,51721,46758,0
296,106,qa,mid,shanghai,75079,94734,84158,1
297,152,ops,mid,beijing,88880,108786,96266,0
298,401,ops,senior,remote,145743,191754,160565,1
299,480,frontend,mid,melbourne,70017,89497,75692,0
300,74,product,junior,sydney,56498,77604,65999,0
301,438,data,mid,melbourne,96783,128577,107167,0
302,311,ops,mid,shanghai,100376,138458,117060,0
303,143,ops,junior,sydney,58311,73825,67903,0
304,403,backend,mid,remote,84961,118111,98766,1
305,26,frontend,mid,remote,85597,109876,94432,1
306,85,product,mid,shanghai,85932,100410,93750,0
307,356,qa,junior,beijing,54953,66712,60447,0
308,46,frontend,senior,remote,133290,163879,147843,0
309,396,product,junior,shanghai,44445,57939,48581,1
310,324,product,junior,beijing,45749,60160,53366,0
311,298,ops,lead,beijing,168932,217986,190362,1
312,240,qa,mid,beijing,77760,99150,89660,0
313,180,ops,senior,shanghai,114960,151031,132229,1
314,270,backend,senior,shanghai,108454,139552,123549,1
315,498,ops,senior,shanghai,110693,138643,126805,0
316,347,qa,mid,remote,71547,99280,82902,0
317,390,product,mid,remote,81806,100537,89646,0
318,424,algo,mid,melbourne,111798,147335,125296,1
319,397,backend,lead,melbourne,173123,214165,194085,1
320,319,algo,junior,shanghai,54975,72471,64328,1
321,434,qa,mid,beijing,83350,106415,97036,0
322,416,backend,lead,melbourne,188592,223722,208605,0
323,173,algo,mid,shanghai,89176,108783,96753,1
324,487,data,lead,sydney,208643,244270,225326,0
325,92,algo,senior,shanghai,161018,188025,175502,0
326,495,qa,mid,melbourne,69060,85375,79779,1
327,6,backend,lead,sydney,159144,206803,184654,1
328,197,backend,mid,melbourne,100558,118664,108488,1
329,366,backend,junior,melbourne,54715,68238,60311,1
330,121,backend,lead,melbourne,163231,206321,191409,1
331,110,product,mid,melbourne,77637,103977,91009,0
332,432,backend,senior,sydney,115421,148852,130199,1
333,459,frontend,mid,shanghai,83050,108766,97496,0
334,166,algo,senior,remote,149227,199650,174375,0
335,142,product,senior,sydney,124461,153570,142640,0
336,404,product,lead,beijing,174413,218772,194286,0
337,354,qa,senior,beijing,110362,136197,124307,0
338,101,backend,lead,melbourne,181539,222329,203947,1
339,84,algo,junior,sydney,73593,95576,82611,1
340,88,qa,senior,melbourne,102398,124724,112593,0
341,45,backend,lead,melbourne,162426,198310,183530,1
342,217,qa,mid,beijing,81516,97461,89130,0
343,459,algo,mid,beijing,97686,122810,109381,0
344,196,backend,junior,remote,45503,59786,51724,0
345,110,frontend,junior,shanghai,65556,75609,70585,1
346,41,ops,junior,remote,56314,71234,62441,1
347,389,product,senior,melbourne,114891,159222,133514,0
348,480,algo,senior,remote,166894,199290,180726,1
349,83,data,junior,beijing,50154,64395,55760,0
350,163,backend,lead,remote,152096,199029,175797,0
351,158,data,lead,shanghai,182350,225751,197112,0
352,58,data,lead,beijing,183858,222100,206075,0
353,107,algo,mid,melbourne,101503,130572,113576,1
354,124,product,senior,sydney,133868,169081,146297,0
355,206,frontend,mid,remote,77790,104196,87042,1
356,37,algo,senior,remote,158402,189964,172969,0
357,409,data,junior,beijing,68030,84548,73210,0
358,281,product,lead,shanghai,167496,194574,180994,1
359,348,algo,mid,melbourne,114595,144491,133265,0
360,397,backend,senior,shanghai,152865,177510,165813,1
361,10,backend,junior,beijing,54144,72561,61536,1
362,336,qa,senior,sydney,120900,160394,138739,0
363,86,backend,junior,shanghai,51220,66907,59574,1
364,200,qa,mid,shanghai,78847,97503,86292,1
365,474,data,junior,melbourne,53581,70399,61864,1
366,393,qa,mid,beijing,82595,108396,91399,1
367,498,algo,junior,beijing,49359,58704,54756,1
368,210,qa,junior,remote,53611,70090,61187,1
369,302,product,mid,melbourne,88339,102810,96038,0
370,4,data,senior,melbourne,153537,187648,167194,1
371,199,algo,mid,shanghai,108314,134713,125320,1
372,204,algo,senior,beijing,144665,193512,168374,1
373,444,algo,senior,melbourne,152127,198269,168685,0
374,58,backend,junior,shanghai,48892,66610,55694,0
375,104,data,lead,melbourne,173223,211828,195405,1
376,74,frontend,senior,shanghai,133225,159258,143718,0
377,210,ops,senior,remote,129979,174581,149492,0
378,71,product,mid,sydney,91430,119098,103734,1
379,270,algo,junior,sydney,60050,76973,67283,1
380,150,product,senior,melbourne,112340,150691,128483,0
381,258,product,mid,shanghai,84365,105421,93878,0
382,166,data,senior,beijing,142698,182278,163058,0
383,466,backend,mid,melbourne,86760,113818,96546,0
384,291,algo,mid,melbourne,110593,142238,120539,1
385,193,qa,mid,shanghai,84863,100389,92564,0
386,468,qa,junior,remote,40000,50319,45000,0
387,185,product,senior,remote,113782,143849,130840,1
388,294,qa,junior,sydney,46441,59609,52285,0
389,392,data,senior,beijing,153309,214669,179572,1
390,422,algo,senior,melbourne,152086,188771,169480,1
391,424,algo,senior,melbourne,157178,191107,177583,1
392,490,product,senior,melbourne,116134,144849,132068,1
393,74,qa,lead,remote,140455,186270,161874,0
394,264,ops,senior,sydney,118228,148329,134839,1
395,400,product,mid,remote,89429,119213,100044,1
396,52,backend,mid,remote,90851,122193,104288,1
397,365,frontend,junior,shanghai,52416,67299,57762,1
398,25,qa,junior,beijing,64873,83629,70391,0
399,397,backend,mid,beijing,92920,115993,105982,0
400,422,qa,senior,melbourne,104513,137883,120842,0
401,367,qa,mid,remote,106508,125215,116793,0
402,317,ops,mid,remote,87313,109300,102149,0
403,174,qa,senior,remote,110838,141723,126673,1
404,247,data,mid,shanghai,95284,127829,108753,1
405,348,data,junior,remote,59357,76810,68702,1
406,365,data,junior,melbourne,40709,49468,45165,0
407,53,qa,senior,melbourne,111415,142124,122064,0
408,2,product,lead,sydney,171018,222274,196895,0
409,446,qa,junior,melbourne,52289,70366,59579,0
410,428,algo,senior,beijing,154500,189947,172733,1
411,200,backend,junior,melbourne,61616,73998,66547,1
412,361,ops,mid,shanghai,109580,138247,119200,1
413,141,ops,mid,shanghai,81397,98844,89959,1
414,270,frontend,mid,shanghai,81223,108086,91846,0
415,224,product,junior,remote,50892,65492,56741,1
416,341,backend,senior,beijing,125217,159687,141639,0
417,301,product,mid,beijing,116593,152126,131113,0
418,297,product,senior,shanghai,126594,158059,137562,0
419,379,backend,lead,remote,180459,222987,199566,0
420,223,ops,mid,melbourne,94227,117046,108555,1
421,36,product,senior,remote,119452,154537,134323,0
422,250,ops,junior,melbourne,74687,93715,81393,1
423,76,backend,mid,melbourne,90340,116039,104781,0
424,4,backend,junior,remote,50566,67301,58850,0
425,80,data,junior,beijing,66908,83147,73037,0
426,328,backend,senior,sydney,132275,179106,149797,1
427,360,product,mid,sydney,92059,111065,103682,0
428,492,data,mid,melbourne,90994,117527,99330,0
429,134,backend,lead,sydney,170448,234192,195434,1
430,218,algo,lead,sydney,217220,296578,249082,1
431,126,ops,mid,beijing,87838,116877,98811,0
432,64,data,lead,shanghai,185264,239661,205904,1
433,38,algo,senior,shanghai,145331,180321,161742,1
434,319,backend,mid,beijing,96781,126232,105893,0
435,326,algo,senior,remote,137625,177611,156318,0
436,222,product,mid,melbourne,93329,112936,103793,0
437,130,frontend,mid,shanghai,89655,108419,98685,1
438,83,data,junior,shanghai,41673,55344,47634,0
439,430,data,senior,sydney,134975,167166,147708,0
440,235,product,junior,melbourne,53341,66394,60130,0
441,351,backend,mid,beijing,81428,108000,95255,1
442,73,backend,lead,sydney,176065,223731,200705,0
443,436,qa,junior,shanghai,40000,53782,45000,1
444,410,product,senior,melbourne,112875,146651,131410,0
445,16,product,mid,melbourne,94097,127277,106177,0
446,242,product,mid,sydney,77274,95876,89347,0
447,179,backend,mid,sydney,78436,100456,87161,1
448,377,ops,senior,shanghai,116953,144467,129176,0
449,448,backend,senior,beijing,133575,175055,146811,1
450,60,ops,mid,shanghai,86436,103039,94387,1
451,5,ops,junior,remote,53153,63106,57525,1
452,43,frontend,mid,remote,78667,106627,89754,0
453,111,ops,mid,beijing,86250,113292,99769,1
454,425,data,mid,beijing,101569,123078,112698,0
455,177,product,junior,beijing,41361,51951,45000,0
456,218,ops,lead,melbourne,191624,252758,214768,0
457,149,ops,mid,remote,92349,126819,105707,0
458,388,product,mid,shanghai,82850,110254,95038,1
459,463,ops,mid,remote,88969,103838,96637,0
460,50,backend,mid,shanghai,93643,118688,101876,0
461,153,qa,mid,melbourne,93438,118463,101685,0
462,119,algo,senior,remote,150503,185846,162336,1
463,165,product,senior,remote,118459,158232,133217,1
464,456,product,mid,remote,83980,106056,95044,0
465,183,data,mid,beijing,76665,99445,88639,0
466,59,algo,senior,remote,115301,143370,125650,0
467,203,frontend,senior,beijing,124553,150684,139338,0
468,269,qa,mid,shanghai,83627,106803,97351,1
469,132,qa,junior,sydney,41070,49025,45000,0
470,139,algo,junior,sydney,51818,66333,59185,1
471,170,frontend,mid,melbourne,77469,100495,86270,1
472,151,product,senior,melbourne,133673,166474,145122,0
473,174,algo,senior,remote,151667,200811,177375,1
474,25,qa,mid,beijing,81394,100148,92266,1
475,448,algo,mid,shanghai,100851,120382,110156,1
476,341,data,junior,shanghai,60752,77709,70223,1
477,495,frontend,junior,melbourne,61402,78607,70290,1
478,25,frontend,senior,beijing,125261,162246,146053,1
479,5,product,junior,remote,46830,63184,54012,1
480,168,data,senior,beijing,123333,148010,136777,1
481,239,frontend,senior,melbourne,150622,183219,162287,0
482,268,algo,junior,sydney,41731,54468,45600,0
483,283,backend,mid,melbourne,103638,139451,120259,0
484,487,ops,lead,sydney,163194,201639,186265,0
485,475,algo,mid,sydney,103925,134948,119617,1
486,427,qa,junior,remote,54258,71871,60975,0
487,260,ops,junior,melbourne,57390,72846,62873,0
488,244,qa,lead,remote,155742,210920,181280,1
489,417,frontend,mid,beijing,76180,103198,86491,1
490,407,backend,lead,melbourne,175847,245528,204752,1
491,448,frontend,senior,beijing,109998,133542,119160,0
492,175,ops,mid,shanghai,91728,124230,105530,1
493,435,backend,senior,beijing,116847,136238,125943,1
494,17,backend,senior,shanghai,127421,154793,138175,0
495,384,algo,senior,sydney,159201,199003,172498,0
496,104,backend,senior,sydney,143968,186218,167253,0
497,10,data,senior,remote,150025,196342,163709,1
498,29,algo,junior,sydney,40000,52020,45120,0
499,39,frontend,mid,beijing,86310,115816,98271,1
500,161,algo,junior,shanghai,56153,69474,63913,0
501,312,frontend,mid,sydney,87178,110056,95702,0
502,267,backend,senior,beijing,145704,194474,168817,0
503,35,data,junior,melbourne,65368,80037,72233,0
504,173,qa,mid,shanghai,78357,100839,84394,1
505,166,qa,lead,beijing,138703,181419,156035,1
506,264,algo,senior,melbourne,130926,162353,149277,0
507,198,ops,junior,remote,51694,61049,56969,0
508,254,data,senior,sydney,143539,191715,163323,1
509,198,data,lead,sydney,193874,234817,214364,0
510,131,ops,junior,remote,42343,54654,47971,0
511,101,backend,mid,sydney,97600,127555,109601,0
512,427,qa,junior,remote,40648,50587,45000,1
513,298,data,mid,sydney,93093,118453,104328,0
514,205,ops,mid,shanghai,95091,118558,108877,1
515,115,algo,lead,sydney,182757,250068,213196,1
516,102,frontend,mid,remote,84824,108603,92141,0
517,328,qa,junior,remote,54230,67498,59919,0
518,279,ops,junior,beijing,40000,50482,45000,0
519,143,data,mid,sydney,100151,123422,107983,0
520,295,algo,mid,sydney,98219,134596,114231,0
521,212,frontend,mid,sydney,66010,84012,73505,1
522,301,frontend,mid,shanghai,89147,112641,97946,1
523,297,ops,lead,sydney,150376,186895,165363,0
524,361,frontend,senior,sydney,145937,169954,157658,1
525,421,algo,mid,melbourne,103303,131851,113320,0
526,210,backend,senior,sydney,117857,143473,132059,0
527,438,data,junior,melbourne,40919,53164,45000,1
528,90,qa,mid,beijing,97970,117985,109593,0
529,221,backend,mid,remote,89058,109123,100463,0
530,467,ops,senior,melbourne,136038,188908,158111,1
531,418,ops,junior,shanghai,41180,52649,45000,0
532,325,data,mid,sydney,99478,119858,110017,1
533,372,ops,junior,remote,55539,72369,64988,0
534,66,ops,mid,beijing,78367,103546,89483,1
535,411,ops,mid,sydney,69953,90540,77532,1
536,102,product,junior,sydney,52976,71070,61031,0
537,68,algo,senior,beijing,138698,181239,161587,0
538,204,product,mid,shanghai,101827,130055,109988,0
539,461,frontend,mid,beijing,81631,102643,89988,1
540,303,algo,junior,shanghai,60020,80838,70150,0
541,147,backend,mid,beijing,92717,117531,101249,0
542,494,qa,senior,melbourne,132969,163582,146739,0
543,469,ops,senior,remote,125257,165634,144777,1
544,120,frontend,mid,sydney,95322,115424,103380,1
545,344,backend,lead,shanghai,160650,199121,184225,1
546,355,product,senior,beijing,144458,194116,164670,1
547,356,algo,junior,sydney,49259,62942,54531,1
548,465,backend,mid,sydney,89009,113347,101200,1
549,219,ops,lead,sydney,154208,190312,170063,1
550,193,data,junior,shanghai,73103,93491,79715,0
551,73,data,mid,sydney,87375,111818,96294,0
552,354,frontend,senior,remote,105993,144807,121623,1
553,337,data,mid,beijing,92329,121427,101896,1
554,80,ops,senior,shanghai,123830,159759,144868,1
555,456,frontend,senior,remote,134805,163431,147188,1
556,210,ops,lead,remote,139737,184058,160040,0
557,64,ops,mid,remote,63555,86733,72786,1
558,148,algo,mid,shanghai,101092,123836,112562,1
559,150,product,mid,sydney,96416,133311,112130,0
560,189,algo,senior,sydney,160776,206930,173353,0
561,197,data,senior,melbourne,125026,153658,141021,1
562,144,ops,junior,melbourne,40000,51159,45000,1
563,389,backend,junior,beijing,48489,62109,55207,1
564,390,backend,senior,sydney,116688,148311,135633,1
565,253,algo,junior,melbourne,74653,92503,82635,1
566,282,algo,mid,melbourne,107273,128765,118866,0
567,316,backend,mid,melbourne,71531,89864,80343,1
568,399,ops,mid,beijing,82644,102182,89991,1
569,46,ops,mid,remote,79857,95255,87072,1
570,185,ops,mid,beijing,74279,102037,85695,1
571,47,ops,mid,sydney,94950,127082,106893,1
572,166,frontend,mid,remote,91741,108460,98683,1
573,321,ops,junior,shanghai,66123,84097,71425,0
574,163,qa,senior,remote,116415,141292,125644,1
575,305,algo,senior,beijing,165261,211983,182480,1
576,123,product,lead,beijing,147688,185404,160953,1
577,57,algo,junior,remote,50241,65556,54799,1
578,353,product,senior,melbourne,112287,143037,130060,0
579,468,qa,junior,melbourne,40165,54271,47083,0
580,443,algo,mid,melbourne,99615,123241,107349,0
581,17,ops,junior,melbourne,55325,69707,64514,0
582,91,frontend,junior,beijing,56391,73126,63572,1
583,290,backend,junior,melbourne,65539,86142,73615,1
584,19,qa,junior,remote,46459,60034,52442,0
585,257,ops,mid,melbourne,79703,94934,86246,0
586,29,algo,mid,sydney,91549,108289,100688,1
587,436,product,junior,melbourne,59506,79506,68776,0
588,22,backend,junior,remote,64048,88126,73875,0
589,335,product,mid,beijing,90163,118093,104838,0
590,245,product,mid,sydney,66800,87245,76625,1
591,270,algo,mid,shanghai,104010,137324,115668,1
592,384,frontend,junior,remote,57261,72636,65336,1
593,219,ops,senior,shanghai,127637,173909,145015,1
594,171,data,junior,sydney,54808,70929,63814,1
595,176,data,mid,melbourne,109690,139768,121088,1
596,202,frontend,lead,remote,181056,224530,198519,0
597,141,data,senior,beijing,144959,187837,158875,1
598,447,qa,senior,sydney,102165,129415,119022,0
599,340,backend,senior,beijing,101037,129739,112598,1
600,459,frontend,junior,sydney,65091,84093,74582,0
601,116,ops,junior,beijing,51652,67265,58082,1
602,43,frontend,mid,shanghai,87427,112620,100097,1
603,487,backend,senior,sydney,141623,178854,152869,0
604,127,frontend,junior,sydney,55498,69146,60259,1
605,227,ops,mid,shanghai,86417,112160,96387,0
606,493,algo,mid,sydney,92279,120079,104256,1
607,393,product,junior,shanghai,70814,84880,76539,0
608,399,frontend,junior,sydney,71692,96771,82866,1
609,329,backend,lead,remote,185064,245080,209623,1
610,455,product,lead,shanghai,164854,212932,181438,0
611,105,ops,lead,shanghai,137802,178925,161928,1
612,402,algo,lead,remote,208044,270461,238395,1
613,311,product,senior,shanghai,119645,147845,135605,0
614,209,product,junior,shanghai,40702,53059,46899,0
615,93,backend,mid,shanghai,91943,116817,101655,1
616,263,ops,mid,melbourne,97147,122541,105219,1
617,55,product,lead,remote,167051,215737,195591,0
618,352,product,mid,sydney,91800,113618,101304,0
619,344,algo,mid,shanghai,122673,151531,135434,0
620,351,algo,mid,shanghai,100734,126856,113486,0
621,4,data,lead,shanghai,195422,241482,211990,0
622,281,qa,lead,shanghai,156363,202127,180217,0
623,465,product,mid,remote,80405,106564,89605,1
624,4,backend,mid,remote,97251,119055,106080,1
625,429,algo,junior,shanghai,82761,111685,96302,0
626,485,data,mid,sydney,94736,128919,109114,1
627,168,algo,lead,beijing,201097,270361,229146,1
628,173,ops,junior,beijing,41696,51879,48060,1
629,492,algo,senior,shanghai,131552,179616,149796,1
630,27,frontend,junior,shanghai,62994,76904,69479,0
631,335,data,mid,sydney,75631,98105,84667,1
632,320,data,mid,shanghai,101688,135970,117381,0
633,399,product,mid,sydney,89325,106378,98475,1
634,277,frontend,mid,melbourne,92281,119780,107955,1
635,121,frontend,senior,remote,100958,127046,115892,0
636,304,frontend,mid,shanghai,91812,113467,104966,0
637,286,data,mid,sydney,107639,136045,122592,0
638,395,backend,mid,remote,84796,105419,95930,0
639,82,qa,senior,beijing,115392,147694,124129,0
640,51,ops,mid,beijing,76548,99892,85358,0
641,83,data,senior,sydney,147874,189424,167683,0
642,456,product,senior,melbourne,148345,202320,169797,1
643,426,backend,mid,remote,90602,118126,98920,1
644,372,ops,mid,shanghai,88155,119885,102692,0
645,67,backend,junior,melbourne,53057,71282,60046,0
646,121,data,mid,sydney,85577,110057,93494,0
647,84,algo,mid,shanghai,100715,125621,111469,0
648,289,ops,mid,shanghai,77553,94772,85042,1
649,71,algo,junior,shanghai,57348,73317,64462,0
650,457,algo,senior,melbourne,140473,169670,154635,1
651,215,frontend,mid,shanghai,90191,118814,100875,0
652,214,frontend,junior,shanghai,61216,83183,69658,0
653,182,backend,mid,beijing,83623,113477,96701,0
654,349,qa,junior,remote,76136,103264,87227,1
655,459,backend,senior,sydney,122777,146239,136623,1
656,368,algo,junior,beijing,42410,52656,49120,1
657,37,frontend,senior,sydney,118358,147036,135814,0
658,414,ops,lead,beijing,158372,213469,182516,0
659,60,ops,mid,remote,70027,89457,79084,0
660,243,algo,junior,beijing,81988,99693,92028,1
661,7,backend,junior,sydney,62434,79973,67815,0
662,314,backend,mid,remote,95919,122524,110690,1
663,257,product,mid,melbourne,65052,83142,74740,1
664,275,backend,senior,shanghai,153062,193210,167189,0
665,115,algo,mid,sydney,81104,109624,93374,0
666,229,backend,senior,melbourne,137452,170336,153570,1
667,51,frontend,junior,sydney,42180,55923,48796,1
668,102,product,junior,remote,56897,76580,65678,1
669,157,data,mid,remote,93240,127021,108176,1
670,221,product,mid,melbourne,98506,125447,110619,1
671,125,backend,mid,beijing,84426,105637,97405,0
672,204,ops,mid,shanghai,74136,100310,84676,0
673,125,frontend,senior,shanghai,126435,159337,137183,1
674,107,product,junior,beijing,42494,52127,47107,0
675,2,product,junior,beijing,61225,83765,71750,0
676,16,algo,senior,remote,148135,185458,164558,0
677,174,ops,junior,melbourne,58244,72266,66734,1
678,251,qa,mid,sydney,92275,118598,102254,0
679,494,product,senior,beijing,109809,140037,124535,1
680,296,data,mid,sydney,102574,132844,114988,0
681,302,algo,mid,remote,89506,115101,104043,1
682,462,product,senior,beijing,124789,159454,135441,1
683,126,frontend,senior,remote,130515,156499,140654,1
684,282,backend,junior,beijing,44502,56260,50183,1
685,428,algo,mid,sydney,80854,108119,93605,0
686,194,data,junior,beijing,59383,77545,65315,0
687,136,backend,junior,sydney,56283,71355,62166,0
688,2,qa,mid,beijing,86614,114335,99395,0
689,297,qa,senior,beijing,105899,136627,123434,1
690,44,backend,junior,beijing,45891,58438,50666,0
691,406,ops,lead,remote,162103,203737,185915,1
692,126,qa,mid,remote,67589,89559,75417,0
693,386,product,junior,remote,69257,80340,75066,0
694,216,qa,senior,shanghai,116917,137551,127012,1
695,309,data,mid,sydney,97423,125918,112703,0
696,86,ops,mid,melbourne,80077,95731,86416,0
697,338,product,junior,melbourne,53323,72467,62725,1
698,434,ops,lead,remote,176553,226175,189881,0
699,474,ops,lead,melbourne,158846,216823,186170,0
700,13,backend,lead,sydney,176958,240924,208021,0
701,332,frontend,mid,beijing,82631,113332,96405,0
702,296,algo,senior,sydney,152355,186910,165743,1
703,224,backend,junior,shanghai,60759,80260,67634,1
704,348,frontend,junior,sydney,40262,51503,45875,1
705,225,data,senior,sydney,152378,200240,168744,0
706,156,qa,senior,sydney,110743,139400,122165,0
707,133,frontend,lead,beijing,169817,214989,194014,1
708,283,ops,mid,beijing,90076,122139,102365,1
709,353,backend,junior,beijing,70090,89033,79567,1
710,384,data,mid,sydney,93486,131438,109901,1
711,413,frontend,junior,beijing,64159,76557,71349,1
712,393,data,senior,shanghai,142241,168450,153129,0
713,115,data,mid,shanghai,97885,121136,109282,1
714,90,qa,junior,remote,53342,69980,58776,0
715,189,algo,senior,remote,159290,203369,180962,1
716,365,data,senior,beijing,151792,186138,169023,1
717,203,backend,senior,sydney,144620,189956,164031,0
718,457,backend,lead,remote,179810,224299,202027,1
719,101,ops,mid,melbourne,53885,70939,63300,1
720,47,backend,senior,shanghai,106677,143277,121621,1
721,355,qa,mid,beijing,64891,82616,74860,1
722,173,algo,senior,shanghai,152891,196782,166880,0
723,336,frontend,senior,melbourne,103364,129380,118173,0
724,440,data,senior,remote,137325,191294,161219,0
725,22,ops,mid,beijing,97830,130212,111102,1
726,114,data,mid,beijing,81494,111844,95612,0
727,389,product,mid,beijing,77177,94284,85951,1
728,95,ops,junior,beijing,53119,68396,58896,0
729,476,ops,mid,beijing,76837,102740,88854,1
730,457,backend,mid,shanghai,92492,122610,103079,0
731,423,product,senior,remote,133449,169376,155115,0
732,349,frontend,senior,beijing,118117,144050,128153,0
733,231,algo,junior,remote,78715,91686,85550,1
734,186,qa,senior,melbourne,130533,167325,144744,1
735,59,backend,lead,sydney,176895,227403,199143,0
736,471,qa,mid,shanghai,92665,124199,104263,1
737,1,data,senior,beijing,125284,152452,138987,0
738,419,product,mid,shanghai,91538,111970,99432,1
739,320,ops,senior,beijing,105960,138659,120846,0
740,283,product,mid,sydney,83884,105392,92421,1
741,376,product,mid,melbourne,83290,103413,92371,0
742,408,frontend,junior,shanghai,57961,70981,65557,1
743,362,backend,junior,remote,63193,84330,73832,1
744,296,ops,mid,sydney,78607,98504,89215,0
745,149,frontend,senior,beijing,129686,156211,145149,1
746,289,product,mid,shanghai,87733,107452,94684,1
747,33,algo,lead,beijing,204406,252231,231006,0
748,148,backend,junior,shanghai,59099,68768,64234,1
749,367,ops,senior,melbourne,126899,161298,137397,0
750,304,ops,junior,shanghai,77177,100297,87466,0
751,142,frontend,junior,remote,46385,62883,53846,0
752,9,algo,junior,shanghai,67389,82430,72499,1
753,132,qa,mid,melbourne,64757,82664,70625,0
754,370,product,mid,melbourne,82024,106745,93113,0
755,38,algo,mid,sydney,77750,106799,90215,0
756,403,data,junior,beijing,83945,102264,95357,1
757,395,algo,senior,melbourne,159504,212133,179814,0
758,92,backend,mid,melbourne,71628,84879,78993,0
759,326,qa,lead,beijing,170149,206464,184193,0
760,152,frontend,lead,sydney,175500,233195,200744,0
761,75,frontend,senior,shanghai,110512,143210,129423,0
762,111,algo,mid,beijing,111176,133305,122055,0
763,367,product,junior,beijing,45785,64307,53635,0
764,15,product,junior,remote,42531,56218,49728,1
765,56,frontend,senior,shanghai,116094,148420,132444,0
766,171,qa,mid,melbourne,95454,126999,108885,1
767,392,backend,lead,melbourne,182486,240329,204122,0
768,215,algo,mid,sydney,110547,145557,127761,0
769,452,backend,mid,shanghai,98674,119802,109319,0
770,397,qa,junior,sydney,46099,55687,50405,1
771,411,product,lead,melbourne,158229,194614,172935,0
772,402,data,lead,melbourne,188797,235961,205273,0
773,481,ops,senior,melbourne,120174,156509,135134,1
774,288,frontend,mid,sydney,80096,107191,89731,0
775,306,backend,junior,remote,45540,62394,52617,1
776,116,algo,junior,shanghai,54052,70212,61743,0
777,438,frontend,junior,sydney,43875,55457,50066,0
778,374,qa,junior,remote,50138,62439,54311,0
779,74,frontend,mid,beijing,97311,119166,110449,1
780,37,frontend,mid,sydney,86975,108505,96664,0
781,307,backend,senior,melbourne,131702,162418,148145,0
782,383,backend,mid,remote,86933,103352,95374,1
783,465,backend,mid,beijing,89841,122216,105341,1
784,154,product,junior,melbourne,57562,75677,67616,0
785,112,algo,junior,melbourne,61426,77323,67983,1
786,493,ops,lead,melbourne,171121,207764,187020,1
787,436,qa,mid,shanghai,90168,115505,101111,1
788,141,ops,mid,shanghai,87431,107663,96386,1
789,473,algo,lead,beijing,192970,261088,224741,0
790,153,ops,lead,melbourne,171800,208505,191072,0
791,483,data,senior,sydney,141455,177542,164767,1
792,438,backend,junior,sydney,58426,75887,63249,1
793,319,data,senior,melbourne,127941,167378,150256,0
794,132,backend,mid,remote,87579,116288,98339,0
795,326,qa,mid,remote,88207,109816,100169,1
796,449,product,mid,remote,88321,113118,98250,0
797,477,product,junior,beijing,40000,49564,45000,0
798,11,ops,mid,beijing,92342,111491,103166,0
799,482,product,senior,beijing,123571,157047,136560,1
800,489,data,mid,melbourne,87308,110609,99490,0
801,186,backend,mid,sydney,96649,119818,111975,1
802,421,frontend,senior,sydney,133692,174354,150834,1
803,378,product,mid,melbourne,82804,99103,91100,0
804,205,algo,senior,remote,130157,168663,147985,1
805,452,backend,mid,melbourne,70418,87700,77646,0
806,414,ops,junior,melbourne,44827,60399,52303,0
807,96,product,mid,melbourne,78873,101410,87872,1
808,452,ops,lead,shanghai,150417,184713,167880,0
809,327,qa,mid,melbourne,94919,113132,103774,0
810,432,algo,lead,melbourne,194938,233494,217112,1
811,476,ops,mid,remote,88953,113218,104285,1
812,99,data,mid,beijing,75105,101873,85733,0
813,422,product,mid,shanghai,77515,103742,90976,1
814,16,algo,mid,sydney,97816,125739,115022,1
815,153,backend,junior,shanghai,55306,68645,59662,1
816,224,algo,junior,melbourne,56617,78457,66121,1
817,305,frontend,junior,sydney,89099,111413,96355,0
818,490,qa,senior,remote,126123,171598,146199,0
819,464,ops,senior,beijing,146684,187579,160583,0
820,237,data,mid,beijing,86321,114989,98467,1
821,323,qa,mid,remote,89013,106305,97775,1
822,208,product,mid,beijing,82071,102277,88346,1
823,16,product,mid,melbourne,91139,119030,106232,1
824,189,backend,junior,shanghai,40000,53254,45000,0
825,64,product,senior,shanghai,121840,156019,134598,1
826,304,backend,senior,shanghai,127003,161253,138774,0
827,471,algo,senior,remote,124664,154563,144237,1
828,439,product,junior,beijing,45040,54168,49419,1
829,152,frontend,lead,remote,169413,220002,198158,1
830,421,backend,junior,remote,62002,76814,71770,0
831,9,qa,senior,remote,128226,161733,141239,0
832,8,frontend,lead,sydney,163946,213106,184279,0
833,400,ops,senior,melbourne,122766,149927,135089,1
834,196,ops,mid,shanghai,102062,131651,110518,1
835,148,product,junior,shanghai,41503,48423,45000,1
836,21,qa,mid,remote,80341,109977,92842,0
837,30,product,mid,shanghai,87094,103745,96063,1
838,176,qa,junior,melbourne,69713,91931,78582,1
839,393,ops,mid,shanghai,83213,104795,92443,0
840,63,frontend,junior,shanghai,43802,58177,50563,0
841,442,frontend,junior,sydney,56749,66840,62027,1
842,66,product,mid,sydney,74314,91203,84784,1
843,441,qa,lead,shanghai,157427,197397,183044,0
844,352,algo,junior,melbourne,71659,90250,79007,0
845,263,backend,mid,remote,81761,101011,88396,0
846,148,backend,lead,melbourne,170339,202417,186824,0
847,466,product,mid,beijing,88407,113704,99759,0
848,151,qa,mid,shanghai,78255,93518,85529,0
849,75,data,senior,beijing,146720,189716,167204,0
850,304,ops,junior,sydney,57154,73466,66930,1
851,461,algo,junior,beijing,73230,93871,83930,0
852,230,frontend,senior,remote,127081,163597,145984,1
853,317,ops,junior,sydney,54570,67641,61784,0
854,109,algo,mid,remote,92409,126585,106595,1
855,405,backend,lead,sydney,176950,237975,204509,0
856,73,ops,junior,melbourne,58278,72104,65173,0
857,346,qa,senior,remote,91320,118120,104720,0
858,27,frontend,junior,beijing,51758,64037,55755,1
859,103,product,junior,shanghai,67043,83873,72699,1
860,482,product,lead,sydney,183225,229912,201852,0
861,415,data,mid,beijing,109696,150021,129053,0
862,247,ops,mid,melbourne,63026,82147,72711,1
863,212,qa,junior,melbourne,52891,66065,60113,1
864,253,data,mid,shanghai,98451,117902,106604,1
865,236,data,mid,melbourne,102353,124631,115020,0
866,259,ops,senior,sydney,126524,157368,137561,1
867,260,product,junior,beijing,56218,77662,65582,0
868,362,ops,junior,melbourne,46438,58194,54015,1
869,235,data,lead,remote,182302,242495,214380,1
870,484,algo,lead,shanghai,204674,280830,238725,1
871,404,ops,senior,shanghai,98091,126995,113385,1
872,125,backend,mid,remote,91192,107313,99002,0
873,500,backend,mid,melbourne,68331,88035,78560,0
874,4,frontend,junior,remote,63953,82948,70278,0
875,498,ops,senior,beijing,101179,136103,118805,1
876,267,qa,mid,beijing,86921,113212,98398,1
877,165,data,junior,sydney,75437,93021,81304,0
878,354,data,senior,sydney,135940,159192,148266,0
879,172,backend,junior,sydney,42527,54663,48746,0
880,216,backend,senior,melbourne,131635,172959,151351,0
881,331,backend,junior,remote,51954,68188,61082,1
882,128,qa,senior,beijing,121588,159251,140386,0
883,76,qa,mid,beijing,77744,100409,87434,0
884,264,backend,mid,melbourne,90593,107358,98531,0
885,354,product,lead,shanghai,166573,218946,187290,1
886,373,backend,mid,beijing,79071,109913,91661,0
887,91,frontend,mid,shanghai,84609,107772,93265,0
888,227,algo,mid,beijing,82946,107069,91720,0
889,429,algo,mid,sydney,101671,121149,110400,0
890,484,algo,mid,shanghai,127433,159459,141428,0
891,397,backend,senior,beijing,121836,148091,132260,0
892,300,qa,senior,beijing,102590,129132,118580,1
893,124,product,junior,beijing,44289,59239,50407,0
894,259,product,lead,remote,175367,234070,200655,0
895,371,product,junior,melbourne,70189,88172,77393,0
896,44,data,junior,remote,71094,91685,80049,0
897,56,algo,mid,sydney,75081,99124,87392,0
898,274,frontend,mid,remote,94322,116350,102520,1
899,459,ops,junior,shanghai,63173,78269,70594,1
900,47,qa,mid,shanghai,77278,96957,86557,0
901,75,data,mid,remote,93716,109948,101604,1
902,35,ops,senior,shanghai,122553,160123,133649,1
903,124,backend,lead,beijing,179350,248936,209231,0
904,407,ops,junior,remote,57252,70414,64551,0
905,195,algo,junior,remote,62082,77209,72000,1
906,433,backend,junior,beijing,40000,53007,45000,0
907,44,frontend,lead,sydney,172101,225420,196631,0
908,249,qa,senior,melbourne,121765,150109,131443,1
909,136,product,mid,beijing,75122,92844,83262,1
910,131,data,senior,shanghai,144730,180291,156543,1
911,104,product,mid,melbourne,86436,113525,100441,1
912,122,product,senior,melbourne,97876,122287,112019,0
913,423,data,mid,beijing,99997,121865,111011,0
914,361,ops,mid,shanghai,86102,113201,97061,0
915,230,algo,mid,sydney,113047,149811,126823,0
916,5,algo,mid,sydney,101855,128696,117168,1
917,314,ops,junior,sydney,60501,75146,65690,1
918,315,ops,junior,beijing,50652,66567,57343,1
919,160,ops,junior,beijing,53092,62752,58255,0
920,225,qa,senior,sydney,100630,140062,117714,1
921,151,ops,senior,shanghai,111261,147238,125384,0
922,463,product,mid,remote,85301,111710,93276,0
923,438,data,mid,remote,90912,116034,98618,0
924,378,product,mid,beijing,77250,99407,90399,0
925,138,ops,junior,melbourne,56149,65981,61605,1
926,190,ops,junior,beijing,48072,59829,53627,0
927,182,algo,mid,melbourne,107642,131456,121739,0
928,327,backend,mid,sydney,86695,115643,101386,0
929,99,ops,lead,sydney,181514,233901,198803,1
930,62,algo,senior,melbourne,122631,161710,137153,0
931,36,backend,senior,melbourne,141648,184871,154776,1
932,32,product,lead,remote,179789,250948,211194,1
933,440,frontend,junior,shanghai,42762,56017,49472,0
934,380,frontend,junior,sydney,40000,51063,45000,0
935,156,algo,mid,beijing,105152,133163,116455,1
936,306,backend,senior,shanghai,123000,166385,139655,1
937,479,data,senior,sydney,148711,186729,163810,1
938,167,qa,senior,melbourne,90779,115068,101557,1
939,218,data,junior,sydney,64457,82285,69854,1
940,346,ops,mid,shanghai,79630,101643,91418,1
941,84,qa,senior,melbourne,129169,151613,139627,1
942,441,frontend,junior,beijing,46988,62624,52256,1
943,172,algo,senior,melbourne,130440,176717,150999,0
944,101,qa,mid,remote,83656,102100,91625,0
945,7,frontend,mid,melbourne,84610,104688,91881,1
946,248,qa,senior,melbourne,113309,145667,122375,1
947,179,backend,mid,remote,87017,115153,100809,1
948,53,algo,junior,remote,72581,93804,84129,0
949,264,frontend,mid,remote,105091,129317,113154,0
950,148,algo,mid,shanghai,113194,133406,123336,0
951,469,frontend,mid,sydney,79381,102060,90892,0
952,137,backend,junior,beijing,65127,90244,76225,0
953,60,algo,mid,beijing,112302,136148,124880,0
954,276,frontend,mid,remote,77603,99135,83511,1
955,160,qa,junior,melbourne,40811,50149,45000,0
956,412,ops,senior,beijing,126789,169563,143331,1
957,14,qa,mid,shanghai,65930,89310,77385,1
958,33,data,senior,beijing,148712,184813,165709,1
959,207,product,senior,beijing,98222,120174,110995,1
960,158,frontend,lead,sydney,154970,199634,174005,0
961,497,algo,lead,shanghai,186145,257602,215620,0
962,50,frontend,lead,sydney,184747,225974,199984,1
963,384,algo,mid,sydney,102037,128514,110132,1
964,41,backend,mid,remote,100371,123581,109069,0
965,209,backend,mid,melbourne,100297,128349,108686,1
966,205,product,junior,sydney,58056,80122,66881,0
967,496,product,mid,remote,73644,94586,80768,0
968,128,backend,senior,shanghai,139176,176413,154461,1
969,325,qa,mid,beijing,83359,102171,91197,0
970,431,algo,junior,melbourne,71095,90806,83212,1
971,285,backend,lead,shanghai,176112,206357,191243,1
972,242,product,junior,beijing,48542,58465,53416,1
973,108,frontend,senior,sydney,99560,129185,109381,1
974,149,product,mid,beijing,102244,129096,115605,1
975,333,ops,mid,melbourne,73028,93625,81646,1
976,255,qa,junior,melbourne,56738,69897,63698,0
977,90,backend,junior,beijing,68064,83858,75966,1
978,155,frontend,lead,melbourne,170578,200328,183436,0
979,84,data,junior,melbourne,58753,81115,67890,1
980,401,data,mid,sydney,96163,115617,104884,0
981,4,backend,senior,melbourne,132410,166307,145409,1
982,18,product,mid,beijing,84936,106903,99464,1
983,325,ops,mid,melbourne,80865,107924,90092,1
984,309,product,mid,melbourne,77052,101643,89093,0
985,368,data,mid,sydney,105038,128885,119484,1
986,11,data,mid,sydney,78566,101444,91418,0
987,211,backend,senior,sydney,127809,162273,147847,0
988,209,backend,lead,beijing,166411,219334,190797,1
989,289,backend,mid,shanghai,81653,105355,94022,1
990,260,ops,mid,sydney,90228,117126,102407,0
991,449,product,mid,remote,91837,118497,101417,1
992,58,frontend,mid,beijing,81049,106482,93607,1
993,322,product,lead,beijing,147285,180830,166421,0
994,398,frontend,mid,remote,82808,112540,94353,0
995,96,qa,junior,remote,41288,50388,45000,0
996,223,product,mid,sydney,86579,109976,95959,0
997,280,data,junior,beijing,53109,70695,60313,1
998,390,data,senior,sydney,120339,155457,134888,0
999,194,data,junior,sydney,58939,76118,64003,1
1000,141,product,senior,remote,123357,159546,144200,0
1001,272,qa,junior,sydney,73020,102374,85754,0
1002,239,ops,mid,shanghai,62694,80187,69968,0
1003,360,frontend,junior,beijing,68348,91515,78225,0
1004,72,backend,senior,beijing,126804,162371,139796,0
1005,228,qa,senior,sydney,120218,152853,136144,1
1006,333,product,junior,sydney,57953,74552,64722,0
1007,73,algo,mid,remote,91730,120668,103014,0
1008,78,product,mid,melbourne,97930,131087,110615,1
1009,290,product,junior,sydney,49399,67219,57834,1
1010,285,product,junior,beijing,46186,58099,50165,0
1011,230,backend,mid,sydney,88437,113835,95399,0
1012,327,data,mid,shanghai,81455,98152,89964,1
1013,105,frontend,junior,shanghai,62046,75703,66877,1
1014,211,backend,mid,sydney,89112,110940,97599,0
1015,339,ops,junior,remote,42806,57196,48334,0
1016,414,frontend,mid,shanghai,92278,117974,103988,1
1017,399,algo,junior,sydney,57610,71864,63502,0
1018,496,qa,senior,remote,129718,172553,145855,1
1019,495,backend,senior,shanghai,128801,175746,150813,1
1020,382,product,mid,beijing,71288,86771,80952,0
1021,497,ops,mid,beijing,75836,100670,85054,1
1022,80,qa,senior,remote,112232,136529,124520,1
1023,121,data,mid,beijing,101413,117818,109827,1
1024,74,frontend,mid,sydney,64507,80522,71535,0
1025,326,product,mid,remote,95247,121450,103158,0
1026,121,product,junior,melbourne,58307,69334,62980,0
1027,190,product,junior,beijing,51355,67275,57373,0
1028,182,qa,mid,remote,51536,65603,58461,1
1029,129,product,mid,remote,76656,97996,82990,0
1030,339,product,junior,melbourne,64451,86795,75560,0
1031,405,algo,junior,shanghai,52351,66127,60537,0
1032,460,product,mid,melbourne,83585,108600,96082,1
1033,155,qa,senior,melbourne,109787,143941,121526,1
1034,315,backend,senior,sydney,149982,181793,161441,1
1035,338,ops,mid,shanghai,85127,111306,98836,1
1036,498,frontend,junior,melbourne,43085,58018,48883,1
1037,106,ops,mid,sydney,74469,94110,81158,0
1038,387,qa,lead,remote,151811,203388,175277,0
1039,389,algo,junior,sydney,65234,82264,72024,1
1040,213,qa,junior,melbourne,40000,48682,45000,0
1041,373,backend,junior,sydney,50826,62399,58304,1
1042,12,algo,lead,sydney,201822,249292,223958,0
1043,171,backend,senior,melbourne,131475,159975,146877,1
1044,450,frontend,senior,beijing,142631,172671,156420,1
1045,421,product,mid,melbourne,79727,104799,92132,0
1046,364,ops,mid,beijing,75764,99397,86553,1
1047,366,product,junior,remote,76042,98738,87631,1
1048,94,product,mid,melbourne,68628,85936,77033,0
1049,213,qa,senior,shanghai,118745,148201,131397,1
1050,93,data,junior,melbourne,65487,83399,74620,1
1051,374,qa,junior,beijing,40000,51320,45000,0
1052,203,qa,mid,melbourne,73318,93963,81716,1
1053,285,qa,senior,melbourne,109950,136515,121057,0
1054,152,data,lead,shanghai,209463,264567,225247,1
1055,133,product,mid,melbourne,82744,104115,89874,1
1056,232,backend,junior,beijing,55368,70468,60488,0
1057,411,qa,senior,sydney,103000,132710,118982,0
1058,378,product,mid,melbourne,69944,92970,80741,1
1059,24,data,junior,beijing,66018,82526,73806,0
1060,187,product,junior,beijing,44861,54491,49359,1
1061,248,qa,mid,shanghai,71482,97099,81180,0
1062,142,qa,mid,melbourne,70873,95172,80987,1
1063,476,data,junior,shanghai,55420,64276,59994,0
1064,64,qa,lead,melbourne,153720,193067,166091,1
1065,459,product,mid,sydney,76453,104374,89920,1
1066,266,product,lead,melbourne,182313,237534,205497,0
1067,132,algo,junior,remote,73811,93457,86088,0
1068,141,backend,mid,sydney,84238,112482,98315,1
1069,172,backend,junior,shanghai,68704,90788,76941,0
1070,65,ops,mid,melbourne,88248,103911,94994,1
1071,88,ops,mid,melbourne,83082,105452,96975,1
1072,134,data,mid,remote,84450,107010,95752,1
1073,495,frontend,junior,shanghai,55378,71080,61708,1
1074,93,ops,senior,sydney,117554,145247,129320,1
1075,85,data,senior,shanghai,141864,181858,155538,0
1076,344,data,lead,melbourne,197513,260063,218891,1
1077,7,qa,junior,melbourne,49334,65874,56855,0
1078,235,frontend,mid,sydney,82823,110648,96647,1
1079,185,backend,mid,shanghai,82731,105145,95290,1
1080,113,backend,senior,melbourne,117292,156986,131564,1
1081,440,qa,junior,beijing,53044,65406,60315,0
1082,484,ops,mid,sydney,93511,116951,104686,1
1083,201,product,mid,shanghai,97277,117694,107016,0
1084,417,data,senior,melbourne,130646,164633,153209,0
1085,125,product,mid,melbourne,83543,113565,96356,0
1086,271,ops,senior,sydney,110278,147557,125345,0
1087,122,frontend,mid,remote,73770,89770,82422,0
1088,392,backend,junior,sydney,64784,81482,73509,1
1089,42,data,junior,shanghai,70287,96140,80579,1
1090,422,data,mid,remote,93344,117610,102745,0
1091,131,backend,senior,shanghai,109011,143097,127611,1
1092,112,product,junior,melbourne,61827,77263,71884,0
1093,352,ops,mid,remote,82682,105811,96887,1
1094,395,algo,mid,shanghai,108050,140898,123352,1
1095,180,data,senior,shanghai,134427,185405,155312,0
1096,293,frontend,senior,shanghai,123304,150736,136438,0
1097,298,ops,lead,sydney,170344,218214,184182,0
1098,41,data,mid,remote,91579,115745,103291,0
1099,32,frontend,junior,beijing,61458,74358,66504,0
1100,39,data,mid,sydney,93679,120816,110162,1
1101,50,product,lead,shanghai,183660,224844,198035,1
1102,378,backend,mid,melbourne,85426,109021,93683,0
1103,101,qa,mid,melbourne,67049,88340,74949,1
1104,154,algo,lead,shanghai,200201,265268,234988,1
1105,499,frontend,senior,shanghai,106400,130202,116674,0
1106,430,backend,junior,beijing,51695,67723,58771,1
1107,158,qa,mid,remote,82738,110488,95090,0
1108,346,backend,senior,shanghai,132522,163442,145102,1
1109,319,data,mid,melbourne,84381,115895,98359,0
1110,460,data,lead,sydney,192569,250758,210883,0
1111,310,algo,junior,shanghai,64560,82210,75798,0
1112,274,frontend,junior,beijing,41512,52032,45000,0
1113,440,product,junior,sydney,56067,70665,60448,0
1114,476,qa,mid,shanghai,84854,104367,92516,0
1115,81,ops,mid,remote,89737,116733,98452,1
1116,8,frontend,mid,beijing,81324,102202,91218,1
1117,90,frontend,mid,melbourne,67989,86051,79185,1
1118,345,ops,senior,shanghai,109625,142229,123474,0
1119,273,algo,mid,shanghai,102573,134320,113627,0
1120,179,ops,mid,melbourne,97722,132881,110756,1
1121,452,qa,mid,remote,77617,95226,86540,1
1122,242,data,junior,melbourne,72600,88547,79535,1
1123,334,ops,junior,shanghai,45608,54378,50632,1
1124,275,ops,junior,beijing,50268,61367,54310,1
1125,410,product,senior,shanghai,113055,142826,127662,0
1126,325,product,mid,beijing,91599,113411,104260,1
1127,142,backend,junior,shanghai,55499,64942,60095,1
1128,79,backend,senior,shanghai,140582,186848,157723,0
1129,335,frontend,senior,melbourne,114463,144246,126658,0
1130,249,qa,mid,beijing,100503,130006,111853,0
1131,146,qa,senior,melbourne,113316,133042,123292,1
1132,353,qa,mid,melbourne,84396,105956,93853,1
1133,93,data,senior,sydney,136037,182173,152354,1
1134,86,ops,lead,melbourne,167184,226210,195881,1
1135,127,data,mid,remote,98434,122411,109360,0
1136,31,ops,junior,shanghai,45104,59357,51635,1
1137,453,qa,mid,melbourne,57881,72630,67236,1
1138,413,frontend,junior,sydney,68285,92193,79268,0
1139,261,backend,mid,remote,79987,99680,87748,0
1140,162,frontend,lead,melbourne,182262,253682,212739,0
1141,477,ops,mid,shanghai,93118,122920,102513,0
1142,121,data,mid,beijing,112556,144037,123351,0
1143,419,data,lead,remote,201990,239931,217987,0
1144,139,algo,junior,remote,52302,66477,58636,1
1145,62,qa,lead,shanghai,150104,202054,169216,1
1146,466,ops,mid,beijing,77193,101255,89587,0
1147,142,algo,mid,shanghai,94557,117426,106538,0
1148,319,backend,senior,sydney,130826,156341,141324,1
1149,298,frontend,senior,remote,123981,153555,133821,1
1150,466,ops,junior,beijing,79337,103181,89889,0
1151,209,qa,mid,beijing,89628,113056,101311,0
1152,399,frontend,senior,remote,122257,166076,139483,0
1153,78,ops,mid,remote,70215,88300,80835,1
1154,436,qa,mid,beijing,77313,94840,84181,0
1155,217,product,junior,shanghai,52318,69482,58797,1
1156,45,ops,lead,sydney,183368,237188,200946,1
1157,9,frontend,junior,remote,47685,62044,54179,0
1158,57,ops,mid,melbourne,77428,96812,87843,0
1159,219,algo,junior,shanghai,72598,95143,85129,1
1160,451,ops,mid,beijing,83151,104510,93670,1
1161,248,data,junior,shanghai,72243,88876,81528,1
1162,359,algo,lead,melbourne,209051,257355,226106,1
1163,217,backend,junior,shanghai,58742,75031,64986,0
1164,389,algo,mid,sydney,102649,137117,116983,1
1165,72,ops,senior,remote,138519,174193,150591,0
1166,265,ops,mid,shanghai,80103,105127,92036,0
1167,226,algo,junior,shanghai,73598,98017,84991,0
1168,138,qa,mid,beijing,74467,90562,80710,0
1169,269,frontend,mid,sydney,87659,111174,96329,0
1170,222,data,mid,sydney,82325,103373,95661,1
1171,458,algo,junior,beijing,76371,95254,85482,0
1172,480,data,junior,melbourne,51003,62016,56481,0
1173,318,data,junior,shanghai,56815,75050,66466,1
1174,422,qa,mid,melbourne,80734,99773,93144,0
1175,381,qa,mid,shanghai,86538,107850,94486,1
1176,179,qa,mid,remote,79312,97484,91043,0
1177,293,data,mid,remote,102557,136861,116861,0
1178,255,backend,junior,remote,74273,86802,80038,1
1179,80,product,mid,beijing,74063,90433,81408,1
1180,313,qa,mid,melbourne,80555,103277,94476,1
1181,310,algo,junior,remote,63954,86363,74622,1
1182,258,algo,senior,remote,148830,171750,160314,0
1183,45,algo,junior,melbourne,64568,79822,72347,1
1184,187,backend,lead,melbourne,163419,200779,181636,0
1185,165,product,senior,melbourne,103277,133255,121262,0
1186,284,frontend,junior,shanghai,61192,75476,66805,0
1187,338,backend,senior,remote,133676,165870,145074,1
1188,293,frontend,senior,sydney,130437,161644,140922,0
1189,372,ops,mid,beijing,69621,87265,76549,1
1190,214,product,junior,beijing,66812,89178,74333,1
1191,32,backend,senior,sydney,134426,178639,152402,0
1192,52,ops,mid,sydney,75219,90619,83754,1
1193,283,ops,mid,sydney,70624,88334,81952,0
1194,332,data,junior,shanghai,45663,58075,49310,1
1195,242,frontend,junior,melbourne,54342,64792,59078,1
1196,425,data,senior,remote,132616,183004,154141,1
1197,112,ops,senior,shanghai,105922,137343,120556,1
1198,87,backend,mid,beijing,82399,99754,92626,1
1199,111,algo,junior,shanghai,76361,97357,86559,0
1200,316,product,mid,remote,63107,84978,73438,0
1201,388,product,mid,shanghai,81961,112690,95586,1
1202,196,algo,senior,sydney,146107,192078,160701,1
1203,319,backend,senior,shanghai,130893,178004,153594,0
1204,246,frontend,junior,beijing,40000,53897,45000,1
1205,473,ops,junior,remote,47177,58267,52671,0
1206,319,backend,lead,melbourne,182982,222372,207321,1
1207,477,product,senior,sydney,145623,171065,159028,1
1208,111,frontend,junior,sydney,47390,62573,55694,1
1209,351,data,senior,sydney,124578,165816,142895,1
1210,167,qa,senior,beijing,119681,152515,129684,0
1211,138,backend,mid,remote,76719,99175,86259,1
1212,279,product,mid,sydney,93768,119839,108776,1
1213,421,algo,senior,beijing,156434,202691,171071,0
1214,372,product,mid,melbourne,77975,94350,86876,1
1215,379,product,senior,melbourne,136853,161140,147450,1
1216,141,data,junior,melbourne,40000,52157,45000,1
1217,228,backend,senior,sydney,118635,153942,136820,0
1218,216,algo,senior,melbourne,156779,205447,171888,1
1219,405,data,lead,beijing,179030,248612,207613,1
1220,124,product,junior,sydney,50005,62446,58280,0
1221,67,frontend,mid,melbourne,107603,126575,116762,1
1222,158,product,junior,remote,53754,70126,59259,0
1223,376,ops,senior,beijing,130899,157481,143496,1
1224,183,data,junior,shanghai,45180,56405,51605,0
1225,428,data,senior,remote,145516,177552,157779,1
1226,234,backend,mid,beijing,102087,134696,117618,1
1227,176,data,mid,sydney,89065,112192,103828,0
1228,21,algo,mid,beijing,97147,134289,113134,0
1229,362,backend,senior,melbourne,124971,167933,144260,1
1230,179,frontend,mid,sydney,77207,94665,86767,1
1231,402,ops,mid,melbourne,82882,110157,93831,1
1232,390,ops,mid,melbourne,97502,126565,110784,1
1233,483,ops,senior,remote,114267,155608,131976,0
1234,155,qa,mid,melbourne,84864,106695,94933,0
1235,356,product,lead,beijing,167029,220656,195774,0
1236,421,backend,junior,remote,72423,92204,81237,0
1237,170,backend,junior,beijing,47123,60938,54950,0
1238,162,ops,mid,remote,61445,78945,69976,0
1239,368,product,junior,melbourne,70077,93245,79426,0
1240,363,frontend,senior,remote,135011,162383,148412,1
1241,139,qa,senior,beijing,110147,150184,129379,0
1242,417,product,junior,shanghai,55007,69618,60612,1
1243,474,product,lead,shanghai,182320,212050,197181,0
1244,389,product,mid,melbourne,89719,114084,96979,0
1245,485,qa,lead,remote,167497,216595,191295,1
1246,484,data,mid,sydney,97842,118507,106495,1
1247,476,backend,junior,melbourne,51308,65354,55672,1
1248,357,backend,senior,shanghai,136332,162867,150752,1
1249,92,backend,junior,remote,60626,84763,70990,0
1250,443,data,mid,remote,72856,95521,83305,1
1251,344,data,junior,sydney,50390,69505,59131,1
1252,100,backend,lead,remote,168400,207482,190601,1
1253,469,backend,mid,beijing,86579,117452,100835,1
1254,499,backend,senior,melbourne,127620,157810,144249,0
1255,363,frontend,junior,sydney,74456,89744,82253,0
1256,442,frontend,mid,shanghai,80469,110911,93593,1
1257,478,algo,junior,melbourne,51666,70883,59303,1
1258,70,frontend,junior,beijing,41255,57072,47814,1
1259,298,ops,junior,sydney,54162,72100,61084,1
1260,249,frontend,mid,sydney,90318,116789,101292,0
1261,80,algo,mid,remote,103403,135491,120850,1
1262,328,qa,lead,sydney,161451,216388,183946,0
1263,448,frontend,lead,remote,176199,216168,190805,0
1264,349,frontend,senior,melbourne,122863,151735,135690,0
1265,433,backend,mid,sydney,100396,117324,108763,1
1266,32,frontend,junior,beijing,52421,61623,57001,1
1267,124,qa,lead,melbourne,173264,216657,188536,1
1268,283,ops,junior,sydney,59928,77110,69034,1
1269,196,frontend,mid,beijing,70874,84760,79009,1
1270,208,ops,mid,remote,73437,90236,80901,0
1271,193,qa,mid,shanghai,76784,102161,90064,1
1272,25,frontend,junior,beijing,61748,83001,69488,0
1273,336,data,mid,melbourne,91756,117722,107458,0
1274,211,data,senior,sydney,129882,176310,152619,0
1275,396,product,mid,beijing,89883,118918,101822,0
1276,394,algo,mid,beijing,100053,121667,109493,1
1277,455,product,lead,sydney,158343,215885,181669,0
1278,417,algo,mid,shanghai,103711,137260,117654,0
1279,207,frontend,mid,shanghai,86588,108832,99845,0
1280,494,qa,mid,remote,71772,98188,82995,1
1281,143,qa,mid,shanghai,90797,118776,103166,1
1282,155,data,junior,melbourne,46469,57577,50720,0
1283,441,qa,senior,beijing,110658,145095,127962,0
1284,19,product,junior,shanghai,55002,73132,61940,1
1285,435,product,junior,shanghai,44472,55666,49925,1
1286,339,qa,mid,shanghai,69597,97276,81367,0
1287,167,algo,senior,shanghai,156775,192557,171565,0
1288,305,data,senior,shanghai,138672,184295,158109,0
1289,402,data,junior,shanghai,63533,79710,68609,0
1290,75,algo,junior,remote,61451,78057,68576,0
1291,36,frontend,junior,melbourne,41596,53300,47358,0
1292,328,frontend,junior,melbourne,59877,74196,65687,1
1293,28,product,junior,beijing,54959,70234,64585,1
1294,277,backend,junior,sydney,43091,57732,49201,0
1295,406,algo,mid,beijing,89650,114901,100090,0
1296,223,frontend,mid,sydney,90760,113906,102238,0
1297,243,qa,senior,shanghai,96735,130246,111900,1
1298,157,product,mid,beijing,103217,126681,112879,1
1299,95,frontend,junior,sydney,63414,77098,70723,0
1300,312,frontend,senior,sydney,107098,136301,120596,0
1301,190,frontend,junior,shanghai,55379,70623,64520,1
1302,170,product,senior,melbourne,132347,162716,146180,1
1303,481,backend,junior,beijing,40089,49888,46142,1
1304,51,frontend,mid,remote,90108,120897,105815,1
1305,382,qa,mid,melbourne,63752,80448,74485,0
1306,410,qa,junior,sydney,40000,49307,45000,0
1307,228,ops,junior,melbourne,71238,87843,78406,0
1308,34,product,senior,sydney,126263,165228,138437,0
1309,441,data,mid,beijing,104522,132923,113484,1
1310,451,ops,junior,beijing,45636,59011,51735,1
1311,307,product,junior,melbourne,55298,71011,60773,1
1312,132,product,senior,beijing,127258,167289,147641,1
1313,167,product,junior,sydney,42140,51773,47422,0
1314,374,ops,mid,beijing,95014,124423,109781,0
1315,259,backend,mid,remote,110455,134156,125184,0
1316,318,qa,mid,shanghai,72347,100145,84388,1
1317,459,backend,mid,shanghai,91423,113506,103233,1
1318,30,data,junior,melbourne,74345,94632,82909,0
1319,127,qa,junior,remote,62457,76089,67470,0
1320,198,data,junior,shanghai,54993,67117,61636,1
1321,462,data,senior,melbourne,147079,188166,165670,0
1322,313,qa,junior,beijing,40895,49955,45000,1
1323,396,data,mid,remote,106299,130528,120895,0
1324,416,algo,senior,beijing,140071,177801,155631,1
1325,384,product,lead,sydney,177863,229302,192049,0
1326,100,ops,mid,melbourne,102115,135290,115866,0
1327,174,product,junior,melbourne,62393,79736,69129,0
1328,456,data,senior,melbourne,162667,201658,176731,0
1329,262,algo,mid,melbourne,87857,111079,103020,1
1330,182,frontend,senior,sydney,113557,147965,129152,0
1331,9,algo,senior,beijing,141758,178755,161057,1
1332,380,qa,junior,melbourne,51138,60188,56193,0
1333,85,qa,junior,beijing,72311,98015,83442,1
1334,53,qa,lead,sydney,148427,197316,171574,0
1335,27,frontend,lead,beijing,178037,211597,192938,1
1336,198,backend,lead,melbourne,183775,253840,214416,1
1337,297,qa,mid,sydney,64989,76260,70627,0
1338,424,frontend,mid,shanghai,81655,105444,89330,0
1339,149,frontend,junior,sydney,40000,49392,45000,0
1340,262,frontend,junior,sydney,46669,59542,52071,1
1341,158,product,junior,shanghai,51997,62055,56672,0
1342,383,data,junior,shanghai,75568,96635,87852,1
1343,371,frontend,junior,beijing,48982,67480,57120,0
1344,10,product,junior,remote,49148,59289,53817,1
1345,62,ops,senior,melbourne,95168,132258,111223,0
1346,62,product,mid,remote,79524,109851,92864,1
1347,4,qa,mid,melbourne,83551,110307,96030,1
1348,61,frontend,senior,remote,135371,171478,146336,1
1349,322,ops,mid,melbourne,74311,92726,84562,1
1350,367,qa,mid,melbourne,99210,131466,115484,1
1351,446,backend,junior,beijing,40982,50129,45000,0
1352,433,ops,senior,melbourne,127937,163566,138944,1
1353,360,backend,senior,shanghai,137121,185671,156539,1
1354,326,frontend,junior,shanghai,45492,61160,51094,0
1355,211,product,mid,shanghai,77823,96610,89351,1
1356,131,ops,mid,shanghai,77531,94319,85188,1
1357,292,ops,lead,beijing,162316,214355,180849,0
1358,212,frontend,mid,remote,92801,116588,100299,0
1359,401,backend,senior,melbourne,152268,178643,163898,1
1360,112,ops,mid,remote,102512,132186,111855,1
1361,134,product,lead,remote,183386,230138,199983,0
1362,399,qa,senior,remote,115317,143635,128840,1
1363,188,frontend,lead,remote,174059,224544,192717,1
1364,240,ops,mid,melbourne,113979,137124,122873,0
1365,370,product,mid,remote,86326,105871,94181,0
1366,489,data,mid,beijing,91751,113363,103773,0
1367,493,product,mid,sydney,84957,113459,94830,1
1368,207,backend,senior,sydney,132913,176132,152127,1
1369,353,data,lead,beijing,187473,241311,212104,0
1370,200,algo,mid,shanghai,107715,137078,120821,1
1371,383,product,mid,beijing,87446,105661,96563,0
1372,477,ops,mid,beijing,75210,92319,82615,0
1373,65,product,mid,melbourne,67560,94634,78889,1
1374,367,data,senior,remote,144193,183948,161084,1
1375,254,algo,senior,shanghai,143285,187244,158611,1
1376,118,backend,senior,remote,143596,198889,166710,1
1377,250,qa,senior,melbourne,111954,143788,126977,1
1378,283,frontend,senior,beijing,121497,159319,138042,0
1379,198,ops,mid,melbourne,88280,114425,101150,0
1380,90,ops,senior,sydney,123111,169233,142266,0
1381,495,qa,senior,melbourne,98418,127001,115704,1
1382,185,product,mid,melbourne,70331,88412,80629,0
1383,97,qa,mid,beijing,68648,90752,79255,0
1384,156,data,mid,beijing,88192,114213,100111,1
1385,454,data,senior,shanghai,139322,172914,151431,0
1386,43,data,mid,sydney,92553,120082,102030,0
1387,156,qa,lead,remote,134273,177499,156894,0
1388,85,backend,junior,shanghai,45711,55926,49663,0
1389,341,ops,mid,beijing,82728,108454,91233,0
1390,320,data,junior,shanghai,49211,62255,55920,1
1391,338,backend,senior,sydney,133407,157245,145091,0
1392,327,frontend,junior,beijing,64155,85004,71759,1
1393,66,ops,mid,beijing,81046,111577,94846,1
1394,310,product,senior,remote,114762,140944,128909,0
1395,390,backend,junior,beijing,82270,100576,92866,0
1396,79,backend,mid,melbourne,80950,99433,92294,1
1397,157,frontend,senior,remote,121478,145275,134808,0
1398,358,algo,junior,remote,60521,75437,69837,1
1399,223,product,lead,shanghai,154741,210956,178984,0
1400,82,data,senior,shanghai,143121,192788,161282,1
1401,185,algo,lead,beijing,218687,285951,241158,0
1402,41,algo,junior,shanghai,55786,69912,64042,1
1403,427,algo,mid,sydney,94009,126038,109882,1
1404,370,backend,junior,shanghai,59321,72194,63965,1
1405,177,ops,junior,shanghai,40000,52811,45000,1
1406,363,product,mid,shanghai,74774,92039,85698,1
1407,353,data,lead,shanghai,185550,239377,216349,1
1408,135,product,senior,shanghai,125328,153459,135687,1
1409,318,data,mid,remote,80634,103439,90046,1
1410,345,frontend,junior,remote,51312,64669,55507,1
1411,444,ops,senior,sydney,107241,135784,122149,0
1412,156,data,senior,shanghai,147908,192556,171367,1
1413,436,backend,senior,melbourne,126607,148529,138609,1
1414,240,qa,mid,melbourne,80424,110271,92999,0
1415,132,data,mid,melbourne,88240,117014,100717,0
1416,34,product,junior,sydney,55669,72647,60901,0
1417,2,qa,junior,melbourne,56134,74768,64968,1
1418,301,ops,junior,remote,48007,63260,55272,1
1419,12,qa,mid,remote,82467,102831,94347,0
1420,135,data,junior,melbourne,52952,68997,57806,1
1421,453,product,junior,melbourne,54680,68100,61829,0
1422,238,data,senior,shanghai,145266,183494,168904,1
1423,113,backend,lead,shanghai,182329,242295,202419,1
1424,478,product,mid,sydney,83518,113182,96071,0
1425,254,data,senior,beijing,120841,159181,136375,0
1426,170,qa,mid,melbourne,81232,105439,95537,1
1427,295,ops,senior,melbourne,148121,197608,173835,1
1428,474,data,senior,remote,142570,197504,165451,0
1429,2,product,mid,shanghai,84951,115986,98579,0
1430,497,data,mid,melbourne,108738,137595,119022,0
1431,217,frontend,junior,melbourne,63818,80960,71711,1
1432,177,algo,mid,beijing,107540,131382,121857,0
1433,261,data,mid,melbourne,96593,123419,110127,0
1434,463,ops,mid,sydney,69562,87725,77328,1
1435,19,frontend,mid,sydney,86131,112710,100287,0
1436,255,backend,mid,melbourne,91497,115432,102860,0
1437,250,algo,senior,remote,159423,210572,176554,1
1438,337,qa,mid,beijing,80865,104193,88853,0
1439,159,product,senior,shanghai,120146,142786,130506,0
1440,361,data,junior,remote,61420,80872,68645,0
1441,490,backend,mid,melbourne,79499,101260,87287,1
1442,36,backend,mid,sydney,80115,107518,92322,1
1443,243,data,mid,remote,104156,127753,118100,1
1444,386,backend,junior,melbourne,40000,53396,45000,1
1445,142,algo,mid,remote,97001,128329,111544,0
1446,162,frontend,lead,shanghai,169908,202837,185453,0
1447,65,ops,mid,melbourne,85200,109153,98705,1
1448,16,ops,mid,remote,106445,139605,117669,1
1449,21,frontend,junior,sydney,60911,76243,66842,0
1450,178,ops,senior,remote,128419,166115,145299,0
1451,416,ops,senior,melbourne,130329,159468,146209,1
1452,20,algo,mid,beijing,86044,107143,93016,1
1453,420,data,junior,shanghai,72235,92831,78195,0
1454,238,backend,senior,beijing,130972,171788,149407,1
1455,334,frontend,mid,beijing,72155,92823,82739,1
1456,189,qa,mid,remote,105785,130919,114438,0
1457,166,frontend,lead,beijing,164724,217697,190972,1
1458,477,data,senior,shanghai,127675,164250,139881,0
1459,396,qa,mid,beijing,74026,91300,82575,1
1460,352,product,junior,sydney,51695,66541,59760,1
1461,415,data,mid,sydney,105883,140865,118145,1
1462,426,qa,junior,remote,47640,55995,51777,1
1463,9,data,junior,shanghai,67924,83663,75448,1
1464,493,backend,junior,remote,49649,61827,53509,1
1465,342,product,junior,melbourne,53980,69459,61180,0
1466,408,backend,mid,melbourne,87291,113405,95305,1
1467,317,backend,senior,shanghai,111124,147219,123129,0
1468,495,data,junior,melbourne,68669,89439,77486,1
1469,427,algo,lead,melbourne,189668,239905,212868,0
1470,29,qa,mid,shanghai,63382,79677,72205,0
1471,28,qa,junior,beijing,54672,69428,60029,1
1472,397,qa,lead,remote,156568,200404,179460,1
1473,426,backend,mid,beijing,89806,120524,103830,0
1474,100,ops,mid,sydney,83787,109716,95213,0
1475,111,algo,mid,beijing,105652,141523,124093,0
1476,286,frontend,mid,sydney,66686,81200,74386,1
1477,307,backend,mid,shanghai,91505,118429,102634,1
1478,298,ops,mid,beijing,90640,116486,101100,1
1479,310,backend,senior,melbourne,100940,134459,116430,0
1480,440,qa,mid,shanghai,79378,93064,85526,1
1481,426,backend,senior,beijing,120425,152091,131888,0
1482,161,algo,mid,melbourne,89531,115152,100692,0
1483,144,ops,mid,melbourne,79324,99233,89085,1
1484,251,ops,junior,sydney,57329,77026,64790,0
1485,248,qa,mid,melbourne,88958,123507,103544,1
1486,372,qa,junior,remote,40000,48922,45000,1
1487,159,backend,mid,remote,61930,82445,71614,1
1488,335,product,mid,remote,101026,126810,116121,1
1489,32,backend,mid,shanghai,85145,108529,92264,1
1490,183,qa,junior,melbourne,49203,58232,53068,0
1491,489,algo,mid,shanghai,115134,146035,124132,1
1492,165,frontend,mid,melbourne,93438,113559,102930,1
1493,173,backend,mid,sydney,79199,99826,86343,1
1494,228,product,senior,sydney,120511,162880,139559,1
1495,396,ops,mid,remote,83691,107773,93206,0
1496,313,ops,senior,shanghai,127207,164247,139414,1
1497,462,algo,mid,remote,104687,136116,121519,1
1498,144,algo,senior,sydney,139929,183610,153764,1
1499,47,frontend,senior,shanghai,131042,165165,145645,0
1500,203,data,junior,beijing,41115,49942,45000,0
